moviename,deathcount,deathcomment
$5 a day,1,1
11-11-11: the prophecy,4,4
111111,24,"22, a butterfly and a rat"
12 angry men,0,0
13 going on 30,0,0
16 blocks,2,2
17 girls,1,1 fetus
187,6,"4 people, 1 rat and 1 dog. Samuel L. Jackson did not say motherfucker even once. Very disappointing."
2 guns,30,"25, 3 chickens and 2 deer"
2001 maniacs,11,"8 people, an armadillo, a cat, and a mouse"
2001: a space odyssey,8,"4 astronauts, 2 man-apes, 1 tapir and 1 sentient artificial intelligence "
2012,5773515433,The population of Earth in 2012 except for Africa and three arks worth of people and animals that survived.
21 grams,4,4
22 jump street,4,4
25th hour,0,0
28 days,1,1
28 days later,33,32 and a monkey
28 hotel rooms,0,0
28 weeks later,10211,"10,211"
30 days of night,165,"146 people, 12 vampires and 7 dogs"
300,3977,"3,971 people, 1 battle rhinocerous, 3 elephants, 1 giant wolf and a big orc-looking dude"
3000 miles to graceland,48,47 and a coyote
360,2,2
4321,0,0
48 hrs,8,8
5050,1,1
68,9,9
a beautiful mind,0,0
a christmas story,0,0
a clockwork orange,3,2 and a snake
a far off place,18,"11 people, 5 elephants, 1 leopard and 1 oryx"
a good marriage,1,1
a good old fashioned orgy,0,0
a knights tale,1,1
a million ways to die in the west,16,16
a nightmare on elm street ,4,4
a nightmare on elm street (2010),4,4
a nightmare on elm street 2: freddys revenge,11,"4, plus 2 birds, 1 rat and 4 fish"
a nightmare on elm street 3: dream warriors,6,6
a nightmare on elm street 4: the dream master,7,6 and a bug
a nightmare on elm street 5: the dream child,4,3 and a doll
a nightmare on elm street 6: freddys dead: the final nightmare,6,"4, a hamster, and Freddy"
a perfect murder,3,3
ace ventura: pet detective,2,1 and a bug
across the universe,10,"9 and Martin Luther King, Jr."
acts of worship,1,1
adaptation,9,6 and 3 dinosaurs
admission,0,0
adore,0,0
adrenalin: fear the rush,17,17
adventures of baron munchausen,52,51 and a giant 3-headed mechanical bird
after earth,51,"21, 20 monkeys, 7 giant bird babies, 1 cave rat (eaten by a flying snake!), 1 giant bird and 1 URSA"
after fall winter,3,3
afterlife,2,1 and a baby chick
ai artificial intelligence,7,6 Robots and 1 human recreated by robots
airplane!,10,10
airport (1970),1,1
aladdin,1,1
albino alligator,8,8
alice in wonderland (2010),4,"1, a frog, a jub-jub bird and a jabberwocky"
alices restaurant,2,2
alien,8,"5, an android, an alien and a face hugger"
alien abduction,174,174 crows
alien vs predator,2350,"26 humans, 6 predators, 85 face huggers, 2,233 aliens and 1 baby alien"
alien&sup3;,37,"30 plus 2 face huggers, an ox, an android, an alien, and an alien queen fetus"
alien: resurrection,52,"28 people, 22 face huggers, 12 aliens, 7 clones, 1 spider, 1 alien queen and 1 alien-human hybrid"
aliens,485,"169 humans, 156 aliens, 159 face huggers and one alien queen"
aliens vs predator: requiem,142,"84 people, 4 unborn children, 24 aliens, 4 predators, 5 face huggers, 1 pralien and 20 baby praliens "
all american christmas carol,0,0
all good things,4,"2 people, a fetus and a dog"
all the boys love mandy lane,8,7 and a bull
almost mercy,21,20 and a bird
alpha dog,1,1
alyce kills,6,6
amadeus,3,3
amanda,0,0
amateur porn star killer,1,1
amazing spider-man,4,"2 people, a mouse and a genetically enhanced spider"
amelie,1,1
american beauty,1,1
american crime an american crime,1,1
american dreamz,2,2
american heist,10,10
american history x,3,3
american hustle,1,1
american loser,0,0
american mary,6,6
american pie presents: the book of love,2,1 and a squirrel
american zombie,2,2
amityville 3-d,4,4
amityville haunting,12,12
amityville horror (1979),6,6
amityville horror (2005),7,6 and a dog
amityville ii: the possession,5,5
amityville: a new generation,5,5
an american werewolf in london,14,12 and 2 werewolves
an american werewolf in paris,34,"26 people, 7 werewolves and 1 dog"
anatomy of a love seen,0,0
anchorman: the legend of ron burgundy,2,1 and a squirrel
and baby will fall,1,1 dog
andre the butcher,15,15
angels & demons,15,15
angels of the universe,2,2
animal house,1,1 horse and a guitar
animal room,4,3 and a bunny
annabelle,5,5
another happy day,1,1
antibodies,7,"4, 2 dogs and a porcupine"
antitrust,2,2
apocalypto,66,"59 people, 1 tapir, 3 ants, 1 jaguar, 1 monkey and 1 snake"
apollo 13,3,3
apollo 18,4,3 astronauts and a spider moon rock
appaloosa,13,11 and 2 horses
april fools,2,2
aqua teen hunger force colon movie film for theaters,17,"2 people, 2 cats, 9 chocolate unicorns, 1 fly, 1 Insanoflex, 1 caterpillar and Chicken Bittle"
are you scared?,7,7
argo,1,1
armageddon,434119870,"2,405,324 people and 431,714,546 dinosaurs"
armored,6,6
army of darkness,77,77
art school confidential,153,3 and an apartment building
as good as dead,13,12 and a dog
assault of the sasquatch,16,"14, a bear and a dog"
assault on precinct 13 (2005),22,22
assault on wall street,37,37
asylum,7,7
atm,5,5
august: osage county,1,1
austin powers in goldmember,4,3 and a fembot
austin powers: international man of mystery,25,18 and 7 fembots
austin powers: the spy who shagged me,6,5 and a fembot
australia,313,"298, 10 cows, 1 horse, 2 flies, 1 kangaroo and a dog"
avatar,181,"69 humans, 74 Nav'i, 4 hairless tar dogs, 1 blue deer-thing, 2 avatars, 17 6-legged blue horses, 13 banshees and 1 giant panther dragon."
awake,2,2
bachelor party in the bungalow of the damned,6,"2 people, 3 awful vampire chicks and 1 crappy male vampire"
backdraft,6,6
bad ass,4,4
bad biology,5,4 plus one large mutant penis
bad boys,21,21
bad dreams,37,37
bad girl island,4,4
bad kids go to hell,7,6 and a bug
bad lieutenant,1,1
bad santa,1,1
bad taste,66,"60, plus 5 seagulls and 1 sheep"
bad words,0,0
bag of bones,12,11 and an unborn child
bambi,3,"1 deer, 2 pheasants"
bangkok dangerous,44,43 and a scorpion
barb wire,31,31
barbarella,40,19 and 21 leathermen
barry munday,0,0
baseketball,17,"5 people, 2 chickens, 1 skunk, 3 raccoons, 1 dog, 1 kangaroo and 4 other animals that died too fast to identify."
basic,3,3
batman,54,54
batman & robin,13,13
batman begins,6,6
batman forever,15,15
batman returns,6,5 and a cat
batman: the movie,11,"5, a shark, an octopus and 4 noble porpoises"
bats,10264,"28 people and 10,236 bats"
battle for the planet of the apes,35,12 humans and 23 apes
battle royale,43,43
bee movie,1,1 bug
beerfest,17,"4, a trophy, a deer, and a batch of monkey-frogs"
before the devil knows youre dead,6,6
behind enemy lines,43,43
being john malkovich,0,0
belly,20,20
beneath the dark,4,4
beneath the planet of the apes (1970),17,"10 humans, 1 horse and 6 apes"
bernie,1,1
better living through chemistry,1,1
beyond the time barrier,27,25 and 2 mutants
beyond the wall of sleep,17,"15, 1 fly and 1 monster"
big fish,1,1
big money rustlas,10,9 and a bird
big nothing,5,5
big trouble,2,1 person and 2 television sets
big trouble in little china,36,"35 and a thing they called a guardian but which I think looks like a beholder. Not a behemoth, which is what I said the first time. Wrong b word."
biker boyz,2,2
bikini girls on ice,12,11 and a dog
billy madison,6,6
birdemic: shock and terror,45,"14 people, 30 birds and 1 fish"
birdman,0,0
bitten,7,"4 people, 2 vampires and a cat"
black christmas,7,7
black dynamite,46,46
black rock,4,4
black snake moan,0,no one died but Samuel L. Jackson graced us with 5 motherfuckers and 1 motherfucking
black sunday (1960) aka the mask of satan,9,"6, 1 bat and 2 dogs"
black water,7,"3 people, 1 fetus, 2 bugs and a crocodile"
blackmail,2,2
blade,69,"22 humans, 46 vampires and a plant"
blade ii,239,"34 people, 23 vampires, 86 reapers and 96 reaper fetuses"
blade: trinity,254,"195 people, 55 vampires, 3 vampire dogs and Dracula"
blended,1,1 baby boar
bless the child,6,6
blessed,6,5 and a fetus
blood & donuts,6,"2 people, 2 rats, 1 pigeon and 1 vampire"
blood and chocolate,12,12
blood diamond,93,92 and a baboon
blood diner,69,69
blood gnome,33,26 plus A-MAN-da and 6 blood gnomes
blood guts bullets and octane,13,13
blood slaughter massacre,42,42
blood work,7,7
bloodsport,2,2 bodies and Van Damme gave us 10 full horizontal splits
bloodsucking freaks,13,13
bloody birthday,8,8
bloody mallory,30,"8, 17 ghouls, a demon, a succubus, a black cat, a rat and a vampire"
blubberella,31,23 people and 8 vampires
blue valentine,1,1
boarding gate,3,3
body count,7,7
boogeyman,5,4 and a bird
boogie nights,9,9
boogie woogie,2,2
borat: cultural learnings of america for make benefit glorious nation of kazakhstan,2,1 person and 1 bear
borderland,12,11 and a goat
bourne identity,9,8 and a dog
bourne legacy,19,"16 people, a wolf, a fox and an elk"
bourne supremacy,9,9
bourne ultimatum,4,4
boyhood,0,0
bram stokers dracula,103,"95, 1 worm, 1 baby, 1 horse, and 5 vampires"
branded,3,2 people and a red cow
braveheart,21338,"20,176 men and 1,162 horses"
breaking the girls,2,2
brick,8,7 and a fetus
bride of chucky,10,"8 and 1 and 1/2 dolls. Also, one killer baby doll was spewed."
bridge to terabithia,1,1
bring me the head of the machine gun woman,20,20
bringing up bobby,0,0
brokeback mountain,4,"1, a moose, a coyote and a sheep"
broken arrow,27,27
broken city,2,2
bronx tale,6,6
brooklyns finest,16,16
brotherhood (2010),1,1
brotherhood of blood,16,16
brotherhood of murder,3,3
brotherhood of the wolf,68,"42 people, 23 wolves, 2 dogs and a beast"
bubble boy,1,1 cow
bucket of blood a bucket of blood,5,4 and a cat
budz house,1,1
bug,3,3
bullet to the head,33,33
bully,1,1
bunraku,170,170
buried,1,1
burke & hare,22,18 and 4 horses
burn after reading,2,2
burning palms,3,2 and a possum
butch cassidy and the sundance kid,31,"29, a snake and a horse"
butchered,11,10 and a dog
butter (2011),2,2
byzantium,12,10 and 2 vampires
cabin fever,19,"16 people, a pig, a dog and a deer"
cadaver christmas a cadaver christmas,24,23 zombies and Sam the ex-cop
caged heat,8,8
cake,0,0
camille,3,2 and a blue horse
camp hell,1,1 bug
canadian bacon,2,2
candy,2,1 and a fetus
candyman,6,5 and a dog
cannibal holocaust,17,"10 natives, 1 soldier, 3 bugs, 2 fish and a muskrat"
cannibal! the musical,8,"6 people, 1 snowman and 1 horse"
cape fear,4,3 and a dog
capote,6,6
captain america: the first avenger,105,105
captain phillips,3,3
carolina,1,1
carrie,135,134 and a pig
carrie (2002),236,235 and a pig
carrie (2013),17,16 and a pig
case 39,7,6 and a demon child
casino,22,22
casino royale (1967),217,"207 plus a goat, a robot, 2 seals, 4 horses and 2 grouse."
casino royale (2006),22,22 and 1 bitch banged
cast away,9,"4 people, 2 crabs, 2 fish, and 1 volleyball (WILSON!!)"
casualties of war,19,19
cat people,5,"3, a bunny, and a panther-person"
catwoman,3,3
changeling,11,11
charade,4,4
cheers for miss bishop,4,4
chef,0,0
chernobyl diaries,6,6
cherry bomb,11,11
chicken run,1,1 chicken
children,1,1 cat
children of men,15043,"39, a dog, 3 crispy cows and a refugee camp"
children of the corn,23,22 and a dog
children of the corn (2009),10,9 and a pig
children of the corn 666: isaacs return,8,7 and a bug
children of the corn ii: the final sacrifice,29,28 and a cat
children of the corn iii: urban harvest,20,"18, a bug and a corn monster"
children of the corn iv: the gathering,8,7 and a cricket
children of the corn v: fields of terror,18,18 and a fire monster
children of the corn: genesis,3,3
children of the corn: revelation,19,19
childs play,10,5 and 5 rats
childs play 2,8,7 and a doll
childs play 3,8,7 and a doll
chloe,1,1
choke,1,1
choking hazard,9,6 people and 3 zombies
choose,6,6
christmas evil you better watch out,4,4
chrystal,3,2 and a dog
chuck & buck,1,1
cinderella,1,1
cinema verite,0,0
circle,50,49 and a fetus
cirque du freak: the vampires assistant,1,1
citizen toxie: the toxic avenger iv,2699,2698 and an unborn baby
city of god,43,43
clash of the titans (1981),75,"69 plus 3 giant scorpions, 1 two-headed dog, Medusa and the Kraken"
clash of the titans (2010),1291,"1,281 plus 1 fish, 2 giant scorpions, 4 furies, Medusa, a djinn, and the kraken"
clay pigeons,3,3
clerks,1,1
clockers,4,4
cloud atlas,169,168 and a dog
cloudy with a chance of meatballs,4,1 and 3 gummie bears
club dread,13,"3 before the credits, then 10 more. And 2 quotes."
clue,7,7
cocktail,1,1
code 46,2,1 and a fetus
coldwater,8,8
collateral,15,15
colombiana,32,32
columbus circle,5,5
comic book villains,4,4
commando,86,86
compliance,0,0
compulsion,1,1 bird
con air,31,"30, a tank and a car"
conan the barbarian,76,"71 people, 3 horses, 1 buzzard and a giant snake"
confess,1,1
confessions of a dangerous mind,13,13
conquest of the planet of the apes,43,15 humans and 28 apes
constantine,283,"5 people, 15 demons, 51 half breeds, 127 cows and 85 bugs"
contagion,26000087,"Over 26 million people, 56 monkeys and one pig"
contract killers,8,8
cool and the crazy,1,1
cool hand luke,6,"2, a bird, a snake, a dog and a turtle"
cool world,1,1
cop land,8,8
cop out,10,10
coraline,21,"8 bugs, 2 rats, 1 cocoa beetle, 2 taffy sisters, 6 dog bats, 1 spider hand and 1 Other Dad"
cowboys & aliens,130,"35 people, 11 horses, 44 cows and 40 aliens"
cracks,1,1
crank,23,22 and a bird
crank 2: high voltage,41,41
crazy eyes,1,1
crazy stupid love,0,0
creature (2011),12,"9 people, 1 white alligator, 1 snake and Lockjaw"
creep (2014),1,1
creepshow,18,10 and 8 bugs
creepshow 2,14,13 and a duck
critters,14,"1 bottle of whiskey, 1 cow, 1 chicken, 1 goldfish, 2 people, and 8 critters"
critters 2: the main course,1274,"7 people, 1 bug, 1 dog, 3 cows, 1 space thing, 1261 critters and 1 alien bounty hunter"
critters 3: you are what they eat,8,2 and 6 critters
critters 4,26,"7, 6 eggs and 13 critters"
cruel world,11,10 and a cow
crush,1,1
cube,6,6
cube 2,15,15
cult of the damned,2,2
cursed,5,4 and a werewolf
curve,5,4 and a rat
cut,15,15
cutting class,8,7 and a fly
cyborg,34,"34, all human, including a toddler"
cypher,16,16
dallas buyers club,1,1
dance of the dead,85,85
dances with wolves,103,"52 people, 2 dogs, 41 buffalo, 7 horses and a wolf"
dangerous intentions,1,1
dangerous love,5,5
danika,3,3
daredevil,11,10 and a fly
dark house,20,20
dark knight,26,26
dark nature,13,"9, a pheasant and 3 rabbits"
dark planet,17,17
dark shadows,23,"21 people, a witch and a dog"
dark skies,550,3 flocks of birds
dark town,25,"14 people, 9 vampires, 1 baby and 1 cat"
dark water,1,1
darkness falls,12,11 and an evil tooth fairy ghost bitch
date movie,11,10 people and a rat
day after tomorrow,2500500000,Most of the Northern Hemisphere
day of the dead (2008),118,117 and one zombie boyfriend
daydream nation,4,4
dead air,160004,4 plus tens of thousands of people in sixteen major US cities.
dead alive,41,"37, 1 rat monkey, 1 monkey, 1 dog and 1 rat"
dead and deader,62,"52, 9 scorpions, and Dean Cain's career"
dead end,6,6
dead fury,14,13 and a squirrel
dead in the water,3,3
dead in tombstone,43,43
dead men dont wear plaid,5,5
dead poets society,1,1
dead silence,7,6 and 1 unborn child
dead snow,46,"10, a crow, and 35 zombie Nazis"
deadfall,8,7 and a deer
deadfall trail,8,"2 people, a beetle, 2 mealworms, 2 rabbits and an unknown bug"
deadheads,32,18 people and 14 zombies
deadly detour,23,22 and a fetus 
dear john,2,2
dear white people,0,0
death bed: the bed that eats,19,"16, a fly, 2 hands and 1 bed"
death note,25,25
death of the incredible hulk,5,4 and the Incredible Hulk
death proof grindhouse,6,6
death racers,46,45 and Metal Man 
death to smoochy,3,3
death to the supermodels,7,7
death tunnel,7,7
death wish,11,11
death wish 2,16,16
death wish 3,77,75 and 2 roaches
death wish 4: the crackdown,43,43
deception,3,3
deep evil,19,7 and 12 aliens
deep rising,4207,"4,206 and one real unfriendly sea monster"
deepstar six,10,9 people and 1 giant ugly sea creature
defending your life,1,1
defendor,2,2
delhi belly,6,6
deliverance,4,3 and a fish
derailed,5,5
derailed,13,13
deranged,5,5
descendants,1,1
desert hearts,0,0
desperado,51,51
despicable me,1,1 bird
detention,9,9
deuce bigalow: european gigolo,4,4
deuce bigalow: male gigolo,2,1 rainbow fish and 1 chinese tailbar lionfish
devil,7,7
devil in the flesh,6,5 and 1 dog
devil seed,3,3
devils knot,3,3
devour,12,"1 cougar, 10 people and 1 deer"
dial m for murder,1,1
diamonds are forever,66,66 and only 1 bitch banged
diary of the dead,30,30
dick tracy (1990),29,29
dictator the dictator,2,2
die,6,6
die another day,24,24 and 2 bitches banged
die hard,23,23
die hard 2,265,265
die hard: with a vengeance,16,16 plus 5 motherfuckers from Samuel L. Jackson
die you zombie bastards!,35,"6 people, 14 zombies, 3 ninjas, 3 robots, 2 disobedient dogmen, 3 mosquito warlords, 1 fly, amphibian guy, Nefarious and Vlad the Impaler"
die! die! my darling!,2,2
diggers,1,1
dirty dancing,1,1 fetus
dirty harry,7,7 bodies and 4 reasons he's called Dirty Harry (1. He hates everyone.  2. He's a peeping tom.  3. He gets all the dirty jobs that no one else wants.  4. He always gets the shit end of the stick.)
dirty work,7,7
district 9,95,"48, a little alien dog, and 46 alien eggs"
disturbia,6,"4, 1 deer and 1 rabbit"
divergent,31,31
divine secrets of the ya-ya sisterhood,1,1
django unchained,56,"52 people, 4 horses and 5 motherfuckers"
do the right thing,1,1
dodgeball: a true underdog story,1,1
dogma,67,"57, 5 demons and 5 gang members"
dolores claiborne,2,2
domino,24,22 and 2 goldfish
don jon,0,0
donnie brasco,6,6
donnie darko,1,1
dont be a menace to south central while drinking your juice in the hood,11,11
dont be afraid of the dark,3,1 and 2 evil ass fairies
dont blink,1,1
dont go in the woods,13,13
dont say a word,6,6
dont tell mom the babysitters dead,1,1
dorian gray,5,4 and 1 maggot
down to the bone,1,1 mouse
dr no,11,"10 and a huge fucking venomous spider, plus 3 bitches banged"
dr t & the women,0,0
dracula (1931),13,13 (including Dracula)
draft day,0,0
drag me to hell,5,4 and a kitten
dread,4,4
dream a little dream,0,0
dream house,2,2
dreamcatcher,108,"14 people, 1 dog, 1 deer, 29 giant alien ass penis monsters, 3 alien ass worms, 19 alien ass worm babies, 40 alien ass worm eggs and 1 Duddits"
dreamscape,5,5
dredd,87,87
drive,10,10
drive angry,67,67
drive thru,14,14
drop dead gorgeous,7,"5, plus a trailer exploded and one girl lost her hearing"
drugstore cowboy,1,1
duets,2,2
dumb and dumber,2,1 and a bird
dune,270,268 and 2 sandworms
duress,5,4 and a bird
dust ,62,"58, 2 sheep, a stillborn baby and an unborn baby"
dysfunctional friends,0,0
eagle eye,61,61
earth to echo,0,0
earth vs the spider,13,12 and one mutant man-spider
easter bunny kill! kill!,8,8
eating raoul,12,12
ed and his dead mother,22,2 people and 20 bugs
ed gein,8,"6, a pig and a rat"
ed wood,1,1
edge of darkness,12,12
edge of sanity,6,6
edge of tomorrow,0,0
edward scissorhands,2,2
elektra,22,22
elephant,13,13
elizabeth,482,482
elizabeth: the golden age,704,704
elysium,69,69
empire of the sun,14,14
enchanted,3,"1 cockroach, 1 bag of bird seed (which was stabbed with a sword), and 1 evil witch queen who was killed while in dragon form."
enemy of the state,13,13
epitaph,10,10
equilibrium,187,180 people and 7 dogs
escape from the planet of the apes,6,"2 humans, 3 apes and 1 chimpanzee"
escape from tomorrow,2,1 and an android
eternal sunshine of the spotless mind,0,0
event horizon,3,3
everything is illuminated,1025,"1,025"
eves bayou,4,4 and 0 motherfuckers
evil breed: the legend of samhain,12,11 and 1 inbreed
evil dead (1981),4,4
evil dead (2013),6,5 and a dog
evil dead 2: dead by dawn,7,6 and a flying demon
ex machina,2,2
existenz,2,2
explicit ills,1,1
extract,2,1 and a testicle
extremely loud & incredibly close,2763,"2,763"
eye of the beholder,5,5
face of terror,33,33
faceoff,46,46
faces in the crowd,7,7
fahrenheit 451,3,3
falcon rising,34,34
fallen,8,8
falling down (1993),2,2
family plot,1,1
family weekend ,0,0
fantastic four,4,4
fantastic four: rise of the silver surfer,2,2
fantastic mr fox,6,"2 squabs, 3 chickens, 1 rat"
farce of the penguins,3,3 penguins died and Samuel L. Jackson said motherfucker one time.
fargo,7,7
fast five,35,35
fast times at ridgemont high,1,1 fetus
faster (2010),7,7
fear,6,5 and a dog
fear and loathing in las vegas,1,1 bat
feast,17,"11 plus 3 monsters, 2 baby monsters and a monster cock"
feast of love,1,1
feeding grounds,9,9
ferngully: the last rainforest,2,"1 fairy, 1 snail"
few good men a few good men,2,2
fido,13,13
fierce people,1,1
fight club,1,1
filth,2,2
filth to ashes flesh to dust,10,10
final destination,292,292
final destination 2,26,26
final destination 3,14,11 plus 2 fried bitches and a pigeon
final destination 4,61,61
final destination 5,94,94
finders fee,0,0
finding nemo,422,2 fish and 420 eggs
first blood,5,"1 man, 3 dogs, 1 wild pig"
fist of fury,21,21
fist of the north star,22,22
flash gordon,57,56 (including 9 hawkmen and 1 lizard man) plus a swamp monster
flesh+blood,40,"38, plus a dog and a stillborn baby"
flight,6,6
flowers in the attic (1987),5,4 and a mouse
flowers in the attic (2014),5,"3, a deer and a mouse"
flushed away,27,3 flies and 2 bowls of maggots
flypaper,8,8
focus,0,0
following,2,2
foolproof,0,0
for your eyes only,45,"27, 1 British spy ship disguised as a fishing vessel, and one bitch banged"
forces of nature,1,1 seagull
forgiving the franklins,4,4
formula 51,16,"15 and 1 exploded Meatloaf, plus Samuel L. Jackson said motherfucker 5 times."
forrest gump,17,"13 plus Elvis, JFK, Bobby Kennedy, and John Lennon"
fortress (1986),22,"6, a fox, and fifteen fish"
fortress (1992),30,29 and a robo-truck
four brothers,14,14
fragile,5,5
frankenhooker,13,12 and a guinea pig
frankenstein (1931),4,4
frankie & alice,1,1
freaky friday ,0,0
freddy vs jason,85,20 people and 65 maggots
freedom writers,3,3
freeway killer,7,7
frequently asked questions about time travel,0,0
friday the 13th,11,10 and a snake
friday the 13th (2009),15,15
friday the 13th part 2,9,9
friday the 13th part 3,13,12 and an unborn baby
friday the 13th part 4: the final chapter,14,14
friday the 13th part 5: a new beginning,19,19
friday the 13th part 6: jason lives,18,17 (including a 3-for-one decapitation) and 1 bug
friday the 13th part 7: the new blood,16,16
friday the 13th part 8: jason takes manhattan,22,22
friday the 13th part 9: jason goes to hell,22,22
fried green tomatoes,6,5 plus one arm
fright night,10,5 and 5 vampires
fright night (1985),6,"3 humans, 2 vampires, and a guy who was neither human nor vampire"
frogs,9,"7 people, 1 snake and an alligator"
from dusk till dawn,94,23 humans and 71 vampires
from dusk till dawn 2: texas blood money,43,37 people and 6 vampires
from dusk till dawn 3: the hangmans daughter,54,"35 people, 18 vampires and a horse"
from hell,8,8
from paris with love,48,48
from russia with love,23,"22, 1 siamese fighting fish, and 2 bitches banged"
frozen,6,1 ship
full metal jacket,29862,"29,862"
funny games (2008),5,4 people and 1 dog
futureworld,6,"2 people, 2 robots and 2 genetic duplicates"
game of death ii,12,12
gangs of new york,95,94 and a rat
garden state,1,1 hamster
gattaca,5,2 and 3 zygotes
gentlemen broncos,0,0
get hard,0,0
get smart,14,13 and a robot fly
get the gringo,52,52
getting that girl,0,0
ghost dad,0,0
ghost dog: the way of the samurai,45,"18 people, 26 pigeons and 1 bear"
ghost in the shell,2,2
ghost rider,26,"21, 4 demons and an iguana"
ghost ship,1137,"1,137"
ghostbusters,3,1 Stay Puft Marshmallow Man and 2 gargoyle dogs
ghosts of girlfriends past,2,2
ghoulies,1,1 (I hate when people come back to life)
ghoulies ii ghoulies 2,12,"7 people, 4 ghoulies, and one ghoulie eater"
ghoulies iii: ghoulies go to college ghoulies 3,6,6
gi jane,15,15
gi joe: the rise of cobra,149,149
giallo,5,5
ginger dead man,7,6 and a cookie
ginger snaps,10,"4 people, 4 dogs and 2 werewolves"
girl most likely,0,0
girl next door,2,2
girly,5,5
go,0,0
goats,0,0
god bless america,31,31
god bless america ,31,31
godzilla (1998),393,"173 people, 219 Godzilla babies and Godzilla"
godzilla: final wars,104,"71 people, 20 Xilians, Manda, Gigan, Upgraded Gigan, 1 tuna eating monster, 1 giant jumping spider, 1 giant praying mantis, 1 pterodactyl monster, 1 armadillo monster, 1 dog monster, 2 random monster and a 3-headed monster"
gojira (aka godzilla),10411,"10,374 plus 12 cows, 8 pigs, 16 fish and Godzilla"
goldeneye,60,60 and 2 bitches banged
goldfinger,60,60 and 2 bitches banged
gone,1,1
gone girl,1,1
good night and good luck,1,1
good night to die a good night to die,7,7
good people,8,8
good time max,3,3
good will hunting,0,0
goodfellas,10,10
gosford park,17,1 person and 16 birds
gothic,100,A plate full of leeches
grace,53,"3 people, 2 rats and 48 flies"
gran torino,1,1
gravity,4,4
green lantern,30,29 and Parallax
greenberg,2,1 unidentified drowned animal and 1 fetus
gremlins,132,3 people and 129 gremlins
gremlins 2: the new batch,325,"3 people, 322 gremlins"
grim reaper,7,7
grosse pointe blank,14,14
gummo,6,1 and 5 cats
half baked,2,1 horse and 1 dog
halloween (1978),6,5 and a dog
halloween (2007),22,"20, a rat and a coyote"
halloween 4: the return of michael myers,20,19 and a dog
halloween 5: the revenge of michael myers,21,20 and a dog
halloween h2o: 20 years later,7,7
halloween ii (1981),10,10
halloween ii (2009),18,"16, a cow and a dog"
halloween iii: season of the witch,31,8 people and 23 robots
halloween night,18,18
halloween vi: the curse of michael myers,12,12
halloween: dia de muertos,7,7
halloween: resurrection,10,10
hamlet (1996),11,11
hancock,1,1
hanna,19,18 and a reindeer
hannah free,1,1
hannibal rising,32,"30 people, a fish and a bird"
hansel & gretel get baked,8,6 people and 2 zombies
happy birthday to me,9,9
happy gilmore,3,2 and an alligator
hard boiled,235,235
hard candy,1,1
hardware,586,585 and 1 Mark 13 cyborg
harry brown,14,14
harry potter and the chamber of secrets,8,"1 snake, 1 basilisk and some mandrake roots"
harry potter and the goblet of fire,4,3 and a bug
harry potter and the order of the phoenix,1,1
harry potter and the prisoner of azkaban,4,2 birds and 2 bats
harry potter and the sorcerers stone,3,2 and a unicorn
hatchet,10,10
hatchetman,9,"7, one 1/2 dead hatchetman, and one doomed engagement"
haunted house a haunted house,2,1 and a dog
haunter,1,1
havoc,0,0
haywire,8,8
heat,18,18
heavenly creatures,1,1
hedwig and the angry inch,0,0
hellbent,5,5
hellboy,6041,"34 plus 6 Sammaels, 1 Ogdru Jahad, and thousands of Sammael eggs"
hellions,9,"3 people, 5 slug children and 1 unborn slug child"
hellraiser ,7,6 and 1 rat
hellraiser ii: hellbound,33,33
hellraiser iii: hell on earth,178,177 people & 1 head explosion
hellraiser iv: bloodline,15,"12 plus 1 dove, 1 demon dog, and 1 robot (exploded)"
hellraiser v: inferno,9,9
hellraiser vi: hellseeker,5,5
hellraiser vii: deader,11,11
henry: portrait of a serial killer,10,10
her,0,0
hick,3,3
hide and creep,25,8 people and 17 zombies
hideaway,7,7
high art,1,1
high hopes ,2,2
high lane,4,4
high life,4,4
high road,0,0
high school hellcats,2,2
high tension,6,5 and a dog
high times potluck,2,2
highway to hell,139,"137 people, a demon and Hellcop"
history of violence a history of violence,13,13
hit & run,0,0
hitch,0,0
hobo with a shotgun,50,50
holes,9,"7, a mule and 1 yellow spotted lizard"
hollow man,9,"6 people, a rat, a fly and a dog"
hollow man 2,11,11
hollywood homicide,8,8
hollywoodland,2,2
home fries,1,1
home room,6,6
home sweet home,9,9
home sweet home (2013),2,2
homefront,11,11
honey i shrunk the kids,1,1 ant
honey we shrunk ourselves,0,0
hook,9,9 and a coconut
hope floats,1,1
horns,4,4
horrible bosses,1,1
horsemen,5,4 and a fetus
hostel,12,12
hostel: part ii,9,9
hostel: part iii,14,13 and a cockroach
hot fuzz,17,17
hot shots!,12,12
hot shots! part deux,317,"315 people, a dog and a chicken"
hours,1,1
house,7,7
house at the end of the street,5,5
house of 1000 corpses,15,15
house of fears,9,9
house of the dead,128,128
house of yes,1,1
how about you,1,1
how high,14,1 and 13 pigeons
how the grinch stole christmas,0,0
how to be a serial killer,28,28
how to kill your neighbors dog,1,1 dog
how to lose friends & alienate people,4,1 dog and 3 goldfish
how to rob a bank,1,1
hulk,8,"4, a frog and 3 gamma infected dogs"
hunger,7,7
hunt to kill,15,15
hurt,4,3 and a duckling
i am number four,16,"3 humans, 3 Loriens, 8 Mogadorians and 2 giant alien bat-dogs"
i am omega,103,"3 people, 31 mutant creatures and a hive"
i know what you did last summer,15,6 and 9 crabs
i know who killed me,2,2
i spill your guts,25,25
i spit on your grave (1978),4,4
i spit on your grave (2010),6,6
i think i love my wife,2,2 policemen
ice age,20,"1, 18 dodos and 1 saber-toothed tiger"
ice age 2,4,"A turtle, 2 dinosaurs, and a dodo (bird)"
icetastrophe,24,24 and a plastic snowman
ichi the killer,22,22
identity thief,0,0
if i stay,3,3
igby goes down,1,1
in bruges,5,5
in dreams,5,5
in fear,1,1
in her shoes,1,1 old man
in time,10,10
in your eyes,0,0
inception,3,3
incredible hulk,20,20
incredible hulk returns,2,2
independence day,12702478,"1,702,461 humans and 11,000,017 aliens"
indiana jones and the last crusade,2055,"48 people, 7 birds, and 2,000 rats"
indiana jones and the temple of doom,532,"31 people, 8 chickens, 2 snakes, 1 mosquito and 490 other bugs"
infamous (2006),6,6
inglourious basterds,397,397
inhale,8,8
inherent vice,4,4
insanitarium,25,24 and a cat
insidious,1,1
insidious: chapter 2,1,1
insurgent,6,6
intermedio,11,9 and 2 chickens
interstellar,6,6
intimate affairs,0,0
into the storm,7,7
into the wild,11,"1 person, 1 moose, 1 fish and 8 more random animals"
intolerable cruelty,2,2
invitation to a suicide,1,1
iron giant,3,2 and a deer
iron golem aka iron invader aka metal shifters,8,7 and 1 alien bacteria defeated by whiskey
iron man,86,86
iron man 2,7,7
iron man 3,62,62 people and 1 exploding plant
it,9,8 and Pennywise
it follows,3,2 people and 1 bug
it runs in the family ,47,47 fish
its a disaster,2,2
jack brooks: monster slayer,17,15 and 2 dogs
jack goes boating,0,0
jack reacher,18,18
jack ryan: shadow recruit,14,14
jackie brown,4,4 bodies and 38 motherfuckers from Samuel L. Jackson
jacknife,2,2
jacob,15,"13, a cat and a raccoon"
jailbait,3,3
jarhead,753,752 and a scorpion
jason x,250023,"250,023"
jaws,8,"5, 2 sharks and a dog"
jaws 2,8,7 people and 1 shark
jaws 3,8,5 plus 2 sharks and 1 fish
jaws 4,3,2 and a shark
jay and silent bob strike back,1,1
jeepers creepers,8,8
jeepers creepers 2,10,10
jeff who lives at home jeff who lives at home,0,0
jennifers body,57,56 people and 1 succubus
jersey girl,1,1
jesus christ vampire hunter,46,46
jesus henry christ,5,5
jesus son,12,"5 plus 1 rabbit, 5 premature rabbits and 1 fetus"
jetsons: the movie,0,0
jimmy and judy,3,3
joe + belle,1,1
joe dirt,7,"4, a dog, a duck and a fly"
john dies at the end,10018,"13, a fly, a dog, 3 space slugs and a swarm of white parasite things"
john wick,79,78 and a puppy
johnny mnemonic,26,26
jolene,2,2
jonah hex,482,482
joyride,2,2
judge dredd,231,231 and an ABC robot
julie & jack,0,0
jumanji,0,0
jumper,6,6 bodies and 0 motherfuckers
juno,0,0
juno and the paycock,2,2
jupiter ascending,34,"7 people, 18 aliens, 7 gargoyles and 2 gun-armed guards"
jurassic park,9,"5 people, 2 dinosaurs, a goat and a bull"
jurassic park iii,8,"6 people, a T-Rex and a Pterodactyl"
jurassic world,35,"19 people, a pig, a goat, a bug, 1 Ankylosaurus, 6 Apatosaurus, 1 Dimorphodon, 1 Pteranondon, 3 Velociraptors and 1 Indominus Rex "
just before dawn,6,6
kalifornia,12,11 and a bug
karla,3,3
kates addiction,4,4
katiebird,4,4
kick-ass,64,64
kick-ass 2,26,26
kickboxer,3,3
kid with the golden arms,70,70
kidulthood,2,2
kill bill: volume 1,51,51
kill bill: volume 2,11,11
kill the messenger,0,0
killer drag queens on dope,12,12
killer elite,17,17
killer joe,2,2
killer klowns from outer space,65,"43, plus 19 klowns, 1 dog, 1 balloon dog and a puppet"
killer mermaid,9,8 and a killer mermaid
killers,10,10
killing season,8,8
killing them softly,3,3
killshot,4,4
king kong ,71,"26 with Ape. Also 3 dinosaurs, 4 T-Rexes, 35 various giant insects and 3 giant bats."
king of new york,29,29
kingdom of heaven,1594,"1,578 and 16 horses"
kinsey,1,1
kiss kiss bang bang,12,12
knight and day,49,49
knowing,6785987235,All of Earth except for 2 kids and 2 rabbits
komodo vs cobra,19,"15, plus 1 yacht, 2 giant komodos and 1 giant cobra"
kristy,10,9 and a dog
krull,44,"42 people, a cyclops and a beast"
kung pow: enter the fist,48,"43 people, a dog, 2 moths, a big toe, a stomach plug and one French alien UFO"
l!fe happens life happens,0,0
la confidential,31,31
labyrinth,0,0
lady and the tramp,1,1 rat
lake dead,8,8
lake placid,5,"2, a bear, a cow and a giant crocodile"
lara croft tomb raider: the cradle of life,48,44 and 4 shadow guardians
lara croft: tomb raider,11,11
last hours in suburbia,1,1
last kind words,4,4
last quarter,2,2
law abiding citizen,15,15
lawn dogs,3,2 chickens and 1 dog
layer cake,11,11
lazarus project,5,5
leatherface: the texas chainsaw massacre iii,7,6 and 1 armadillo
leaves of grass,7,6 and a catfish
lee daniels the butler,6,6
legally blonde,0,0
legend of the liquid sword,16,15 and a frog
legends of the fall,8765,"8,763 people, 1 cow and 1 unidentified animal"
legion,217,172 and 45 locusts
lemony snickets a series of unfortunate events,4,4
leprechaun,5,4 and a cricket
leprechaun 2,5,5
leprechaun 3,5,5
leprechaun 4: in space,12,"6, an alien creature, a spider, a scorpion, a fly, a cyborg, and 1 Mittenspider"
leprechaun: in the hood,11,11
les misÌ_å©rables les miserables,35,35
less than zero,1,1
let go,0,0
let me in,10,10
let the right one in,8,8
lethal weapon,28,28
lethal weapon 2,28,28
lets be cops,3,3
lets go to prison,1,1
leviathan,8,"6, a spider crab and a genetic alteration"
licence to kill,23,"20, a starfish, 2 sharks and 2 bitches banged"
life as we know it,2,2
life blood,9,8 and a possum
life of crime,1,1
life of pi,328,"25, a goat, a giraffe, a camel, an ostrich, a warthog, 6 birds, 5 monkeys, an ibex, a cheetah, a hippo, 2 orangutans, a rhino, a zebra, a hyena, a rat, 2 big fish, a boatload of flying fish, 45 jellyfish, 40 fish eaten by acid and 61 meerkats"
lifeboat,125,124 and a baby
like water for chocolate,9,8 and a baby
lilo & stitch,1,1 alien cop
limitless,11,11
lion king,22,"19 bugs, a zebra, Mufasa and Scar"
little birds,1,1
little bit of heaven a little bit of heaven,1,1
little boy blue,5,5
little miss sunshine,1,1
little nikita,5,5
little shop of horrors,3,"2 and a plant<br />(However, in the original ending that Frank Oz shot, the true body count would be 4 and no plant. Test audiences hated this ending "
live and let die,8,"6, a snake, a crocodile, and 3 bitches banged"
live free or die hard,41,41
lock stock and two smoking barrels,15,15
lockout,533,533
logans run,49,48 and a robot
lonely hearts,11,"8 people, 2 fetuses and a little girl"
long kiss goodnight,52,"50, a deer, a cricket, and Samuel L. Jackson graced us with two motherfuckers."
looper,50,50
lord of the rings i: the fellowship of the ring,183,"102 before the title and then 72 more, plus 9 horses"
lord of the rings ii: the two towers,1246,"87 men, 67 elves, 1,068 orcs, 6 horses, 13 worgs, 1 ent, 1 balrog, 2 rabbits and 1 fish"
lord of the rings iii: the return of the king,220334,"15,107 men, 205,066 orcs, 110 trolls, 7 horses, 1 worm, 1 hobbit, 1 fish, 20 elephants, 9 Nazgul, 9 Fell Beasts, 1 giant creepy-ass spider, Sauron and Gollum"
lord of war,69,69
lost in translation,0,0
lost tribe,21,"19 people, 1 dog and 1 tribesman"
lost world: jurassic park,16,"14 people, a dog and a Velociraptor"
love and a 45,13,8 and 5 bugs
love happens,1,1
love sick love,2,2
love wedding marriage,1,1 fish
lucky,4,4
lucky number slevin,22,"20 people, 1 horse, and 1 apartment"
lucy,44,"41, a bug, a fish and a gazelle"
m*a*s*h,3,3
macbeth (2010),20,20
machete,78,77 and an unborn child
mad dog morgan,12,10 and 2 snakes
mad max,10,9 and a dog
mad max 2: the road warrior,42,"39 people, a rabbit, a snake and a dog"
mad max beyond thunderdome,8,7 and a horse
madhouse,1,1 snake
madhouse,7,7
madhouse (1974),8,8
magnolia,30000000,"8, a dog, and a whole LOT of frogs"
make-out with violence,5,"2 people, 2 dogs and a rat"
malevolence,5,5
malice,2,1 and an unborn fetus
mallrats,0,0
mama,9,"6 people, a baby and 2 moths"
man of steel,2000129220,"129,039 people, General Zod, 10 Kryptonian soldiers, 170 Kryptonian fetuses and the planet Krypton"
man of the house,4,4
man on the moon,1,1
man who knew too little,4,4
man who wasnt there,4,3 and a fetus
management,1,1
maniac (1980),6,6
maniac (2012),8,8
manic,1,1
mansfield park,1,1
marathon man,12,12
margarita happy hour,1,1
margin call,1,1 dog
mars attacks!,204,"122 people, 78 aliens, 2 dogs, 1 dove and 1 bird"
mary and max,16,"6, 2 flies, 1 worm and 7 fish"
mary horror,16,16 and an eyeball
mary shelleys frankenstein,12,9 and 3 dogs
mask maker,12,11 and a baby
matilda,1,1
max payne,32,32
may,7,"5, a cat, and a creepy porcelain doll"
maze runner the maze runner,17,14 and 3 Grievers
me myself & irene,1,1
mean creek,2,1 and a snail
mean girls,0,0
mean streets,1,1
meet bill,1,1 duck
meet the fockers,0,0
meet the parents,0,0
meeting evil,18,18 people and 1 motherfucker
mega piranha,4165,"47, plus 1 shark, 1 cruise ship, 1 navy ship, 1 nuclear submarine and 41 mega piranhas"
mega shark vs giant octopus,2306,"9, plus an oil rig, a whale, a plane snatched out of the air by mega shark, two U.S. navy ships, one oil tanker crew killed by pirates, one pirate crew cooked well done, 7 U.S. submarines, one Japanese submarine, one mega shark and one giant octopus"
megan is missing,1,1
melancholia,7021836029,"7,021,836,029"
memento,4,4
memoirs of a geisha,2,2
men at work,1,1
men in black,19,"5 humans, 5 aliens, 5 roaches, 1 dragonfly and 3 flies"
men in black ii,11,1 human and 10 aliens
men women &#38; children,0,0
menace ii society,8,8
mental,0,0
mercury rising,15,15
messages deleted,6,6
midnight cowboy,1,1
milk,4,4
millennium,14,13 and 1 personal robot
million dollar baby,1,1
minority report,3,3
miracle on 34th street (1947),0,0
mirror mirror,0,0
mirror of death,3,3
misery,2,2
miss nobody,8,8
mission: impossible ii mission impossible m:i-2,280,280
mission: impossible iii mission impossible ,29,29
mission: impossible mission impossible,38,"7 people, a rat and 30 fish"
mojave moon,1,1
money train,3,3
moneyball,0,0
monkey shines,6,"4 people, a bird and a monkey"
monster,4,4
monster house,2,1 and a monster house (More people were eaten by the monster house but at the end they magically reappeared and we had to cross them off the list.)
monsters vs aliens,3682,"3,601 aliens and 81 giant alient robot probes"
monsturd,12,11 and 1 Shitman
moonraker,121,"108, 12 pheasants, 1 python and 3 bitches banged"
moonrise kingdom,2,1 dog and 1 fish
most high,2,2
motel hell,6,6
mothers boys,1,1
mothers day (2010),11,11
moulin rouge,1,1
mouth to mouth (2005),2,2
movie 43,0,0
mr & mrs smith (1941),0,0
mr brooks,8,8
mr deeds,1,1
mr hush,5,4 and a vampire
mr jingles,17,17
mr nobody,0,0
mr poppers penguins,0,0
mrs doubtfire,0,0
mud,5,5
mulholland drive mulholland dr,9,9
mum & dad,6,6
munchies,13,"2 people, 8 munchies and some tropical fish"
muppets from space,1,1 cat
murder!,1,1
mutant,30,29 and 1 Monte Carlo
mutant species,20,"18, a bug and Walter the mutant"
mutant vampire zombies from the hood!,92,92
my big fat greek wedding,0,0
my bloody valentine (1981),15,15
my bloody valentine (2009),31,31
my little eye,5,5
my own private idaho,2,2
my sisters keeper,2,2
my soul to take,9,9
my super ex-girlfriend,1,1 shark
my year without sex,1,1 fish
mystery men,106,6 and a blown-up asylum
napoleon dynamite,1,1 cow
national lampoons christmas vacation,1,1 cat
national lampoons dirty movie,0,0
national lampoons vacation,2,Aunt Edna and the dog
national treasure,2,2
natural born killers,123,122 and a scorpion
nature calls,1,1
near dark,15,15
necromentia,7,6 and a pig-faced demon
necropolis (1987),17,12 and 5 ghouls
ned kelly,37,"31 people, 2 horses, 2 boar, a monkey and a lion"
ned rifle,2,2
neighbors,0,0
neo ned,5,4 and a dog
network,2,2
never let me go,3,3
never say never again,17,17 and 4 bitches banged
new moon,3,2 and 1 vampire
new years eve,1,1
new years evil,7,7
new york i love you,1,1
next,2,2
next day air,6,6
next stop wonderland,0,0
night at the museum,1,1 caveman statue
night of the comet,4769000095,The entire population of Earth in 1984 minus 6 people plus 2 cars
night of the demons,9,9
night of the demons (2009),7,7
night of the demons 2,9,8 people and a demon
night of the living dead (1968),15,15
night of the living dead (1990),19,19
night of the living dead 3d,10,10
night train to terror,27,16 and 11 musicians
night watch (aka nochnoi dozor aka nochnoy dozor),48,"46, a bug and a bird"
nightcrawler,30,30
nights in rodanthe,1,1
nine dead,10,10
ninja vs bruce lee,3,3
no country for old men,18,17 and a dog
no reservations,1,1
nobody knows,1,1
norikos dinner table,85,85
north by northwest,5,5
not safe for work,11,11
novocaine,2,2
now and then,0,0
now you see me,0,0
number seventeen,2,2
nurse betty,4,4
nymphomaniac: volume 1,1,1
nymphomaniac: volume ii,1,1
o,5,5
o brother where art thou?,14,"7 people, a chicken, 2 gophers, 2 cows, a toad and a dog"
observe and report,0,0
oceans eleven,1,1
october sky,1,1
octopussy,97,"96 and a spider, and 2 bitches banged"
oculus,4,4
office space,2,1 and a fish
old school,3,3
oldboy,6,5 and an octopus
oldboy (2013),39,"28 people, 1 mouse, 10 baby mice, 7 motherfuckers and 1 motherfucking"
olympus has fallen,223,222 and a dog
on her majestys secret service,20,20 and 3 bitches banged
on the inside,8,8
once bitten,0,0
once upon a time in america,11,11
once upon a time in the west,35,33 and 2 birds
one flew over the cuckoos nest,2,2
one for the money,6,6
one hour photo,0,0
one last thing,1,1
one true thing,1,1
ong-bak: the thai warrior,8,8
open water,3,2 whiny assholes and one underwater camera eaten by a mako shark
open water 2: adrift,5,5 and an inflatable dolphin
orange county,1,1
orphan,4,3 and a pigeon
orphan killer,10,10
otis,3,3
our man flint,14,"13 people, 1 fly and 1 bitch banged"
out of the furnace,8, 7 and a deer
p2,4,3 and a dog
pact,3,3
pain & gain,2,2
paintball,10,10
pandorum,2176,"2,174 and 2 grasshoppers"
panic in needle park,1,1 puppy
panic room,2,2
pans labyrinth,28,"22, a giant toad, 2 bugs, 2 fairies and a magic root"
paranormal activity,1,1
paranormal activity 2,3,2 and 1 bird
paranormal activity 3,2,2
paranormal activity 4,2,2
paranormal activity: the marked ones,7,7
paranormal entity,2,2
paranorman,2,1 and a fly
parents,3,3
party monster,3,3
pathfinder,243,"240, 2 horses and 1 bear"
paul,4,"2, a bird and a dog"
paycheck,6,6
peacock,1,1
peacock,1,1
penny dreadful,5,5
people like us,0,0
perfect ending a perfect ending,1,1
perfect getaway a perfect getaway,8,7 and a goat
perfect sisters,1,1
perfume,28,"27, 1 cat, and the biggest orgy EVER."
pervert!,7,5 and 2 snakes
pet sematary,11,"9, 1 cat and 1 mouse"
pet sematary ii,34,"7 people, 2 dogs (1 euthanized, 1 shot), 3 kittens, 22 rabbits, and 1 zombie rape"
petrified,9,"6 people and 1 alien mummy destroyed by salt like a slug. Also, one woman's hair and one FBI partner mysteriously disappeared between one scene and the next."
phantoms,11,10 and a dog
phantoms,9,8 and a dog
phenomena,7,7
phenomenon,1,1
philadelphia,1,1
phone booth,4,4
piccadilly,2,1 chinese homewrecking dancing biatch and 1 chinese creepy guy
pieces,7,7
pieces of april,1,1 squirrel
pieces of talent,5,5
pig hunt,22,"16 people, a dog, a horse, a snake, a deer, a hog and The Ripper (a 3,000 lb hog)"
pineapple express,21,"19, a bug and a very large crop of marijuana"
pinocchios revenge,3,2 people and 1 girl doll
pirate radio,0,0
pirates of the caribbean: at worlds end,88,88
pirates of the caribbean: dead mans chest,57,56 and a hermit crab
pirates of the caribbean: on stranger tides,63,"56 people, 2 mermaids, 3 poisonous toads and 2 zombie pirates"
pirates of the caribbean: the curse of the black pearl,17,17
pistoleros,5,4 and a dog
pitch black,63,40 and 23 aliens
pitch perfect,0,0
planet of the apes (1968),21,20 and 1 ape
planet terror grindhouse,169,"32 people, 136 infected and a dog"
platoon,570,569 and a pig
playing by heart,1,1
pleasures of the damned,17,14 people and 3 zombies
point break,9,9
police academy,0,0
police academy 2: their first assignment,1,1 fish
police academy 3: back in training,3,2 flies and 1 mosquito
pootie tang,0,0
popcorn,7,7
postal,742,"148, a baby, and all the people that died when the first plane hit the World Trade Center, including the window washer."
pot zombies,22,22
pour elle aka anything for her,3,3
practical magic,4,4
predator,72,"69, a scorpion, a boar and a predator"
predator 2,39,38 and a predator
predators,19,"7 people, 4 predators, 1 bug, 6 horny alien dogs and 1 alien thing"
premonition,3,2 people and 1 crow
preservation,7,"5, a dog and a deer"
pretty persuasion,1,1
pride and glory,11,11
primal,31,"7 people, 1 demonic alien fetus, 1 kangaroo, 1 bug, 1 demonic rabbit and 20 leeches"
primer,2,2
primeval,20,20
prince avalanche ,4,3 fish and a squirrel
prisoners,4,4
prizzis honor,7,7
prom night,7,7
prometheus,18,15 plus 2 space jockeys and a giant alien squid baby (aka the original facehugger)
proxy,5,"3 people, a little boy and a fetus"
prozac nation,0,0
ps i love you,1,1
psycho (1960),2,2
psycho (1998),2,2
psycho santa,10,10
public enemies,22,22
puff puff pass,1,1
pulp fiction,7,"7, plus Sam Jackson racked up 27 motherfuckers and 1 motherfucker accessory"
pulse,7,6 and a plane
pumpkinhead,8,7 and a demon
puncture,2,2
punisher,58,58
punisher: war zone,108,108
punk rock holocaust,2289,"2,288 people and a robot"
push,40,27 people and 13 fish
pusher (2012),1,1
python,15,14 and 1 giant genetically-enhanced python
q: the winged serpent,17,"15 humans and 2 Qs. Jon further broke this down for us as follows: 4 decapitations, 1 skinning, 10 other, mostly dropped from high up. Also, all his predictions came true."
quantum of solace,24,23 and a fly and 1 bitch banged
quarantine,10,"8 people, 1 dog and 1 rat"
quarantine 2: terminal,20,19 and a fetus
queer duck: the movie,1,1 buzzard
quest for camelot,2,2
quid pro quo,0,0
rabbit hole,0,0
radioland murders,7,7
raiders of the lost ark,119,"55, a monkey and 63 ""impossible to count"" snakes"
raising arizona,1,1
rambo ii,63,62 and a chicken
rambo iii,132,130 and 2 horses
rambo iv,298,"6 before the title, then 283 more plus 2 oxen, 3 fish and 4 dogs"
rampage,70,70
rampart,1,1
rear window,2,1 and a dog
red,16,16
red dawn,107,106 and a deer
red dragon,4,4
red riding hood,16,"13 people, 1 werewolf, 1 wolf and 1 rabbit"
red state,17,17
red water,13,"10, 2 sharks and a fish"
redemption,10,10
redneck zombies,15,"8 people, 6 zombies and 1 piglet"
reef,4,4
reefer madness,3,3
reefer madness: the movie musical,6,5 and a fly
reindeer games,10,10
renegade,30,28 and 2 horses
reno 911!: miami: the movie,7,"5 people, 1 whale, and an ice cream truck"
repo men,29,29
repo! the genetic opera,14,14
requiem for a dream,1,1
reservoir dogs,11,11
resident evil,30,"21, 8 dogs and 1 licker"
resident evil 3: extinction,15576,"576, 3 dogs and an entire flock of demon birds"
resident evil: apocalypse,50120,"111, plus 1 that we almost missed because we were too busy talking about sex, 4 dogs, 3 lickers and an entire city (including 1 nemesis boyfriend)"
rest stop,3,3
rest stop: dont look back,7,7
return of the living dead: necropolis,103,103
return to horror high,4,4 flies
return to paradise,1,1
return to sender,1,1 dog
return to sleepaway camp,11,5 and 6 frogs
revolt of the zombies,3,3
rich and strange,3,2 and a cat
richard iii,29,29
rid of me,0,0
riddick,63,"9 humans, 3 Necromongers (aka Monger Lords), 1 alien bird, 2 alien jackals, 4 alien eels, 42 mud demons and 2 mud demon babies"
ripd,8,8
rise of the planet of the apes,26,"8 people, 15 chimps, 1 gorilla, 1 orangutan and a bug"
rising sun,5,5
road kill,4,4
road to perdition,23,23
road trip,1,1
road trip: beer pong,1,1 boar
rob roy,26,"14, a dog, 7 cows, 2 chickens and 2 sheep"
robin hood (1973),0,0
robocop (1987),140,139 and 1 ED-209
robocop (2014),113,"55 people, 54 EM-208's, 4 ED-209's and 1 motherfucker"
robocop 2,58,58
robocop 3,53,50 and 3 RoboNinjas
rock,23,23
rocknrolla,9,9
rocky iii,1,1
rollercoaster,21,"20, plus one mad bomber killed by irony"
rolling kansas,4,3 ducks that looked like geese and one accidental rabbit smothering
romancing the stone,5,"3, a snake and a crocodile"
romeo + juliet,5,5
romper stomper,6,6
ronin,33,33
rory oshea was here,1,1
rosemarys baby,2,2
rosewood lane,4,4
rubber,42,"36 people, 1 crow, 1 scorpion, 1 rabbit, 1 turkey, 1 spider and Robert the tire"
rules of engagement,97,97 and 5 motherfuckers from Samuel L. Jackson
run all night,22,22
run hide die,6,6
run lola run,0,0
run! bitch run!,8,8
running with scissors,1,1 cat
sabotage (1936),58,57 and a puppy
safe,82,82
safe house,27,27
safelight,2,2
salt,30,30
sams lake,10,10
sanctum,7,7
santas slay,33,"31, a fluffy white dog and a helldeer"
satan claus,9,9
satans little helper,16,15 and a cat
saved!,0,0
saving silverman,1,1
saw,7,6 and a foot
saw ii,9,9
saw iii,9,9
saw iv,9,9
saw v,5,5
saw vi,12,12
saw vii,21,21
scanners,20,20
scarecrows,6,6
scarface,42,42
scarface (1932),30,30
scary movie,17,17
scary movie 2,5,5
scary movie 3,15,12 and 3 aliens
scary movie 4,21,21
scary movie 5,3,"1, a chicken and a bird"
schindlers list,10033,"10,033"
schizopolis,2,2
scorched,1,1 duck
scotland pa,5,5
scott pilgrim vs the world,26,26
scream,7,7
scream 2,10,10
scream 3,10,10
scream 4,12,12
scream of the banshee,6,5 and a banshee
screamers,132,"76 people, 11 Type 1-revised screamers, 2 Type 2 screamers, 40 Type 3 screamers, 2 Type 4 screamers, and 1 rat"
scrooged,2,2
se7en seven,5,4 and a fetus
season of the witch,1171,"1,140 people, 12 wolves, 18 zombie monks and 1 demon"
secret agent,4,4
see girl run,0,0
see no evil (1971),4,4
see no evil (2006),11,10 and a bug
seed,14,14
seed of chucky,12,10 and 2 dolls
seeking a friend for the end of the world,3,3
serena,18,"13 people, 1 fetus, 1 snake, 1 panther, 1 deer and 1 unidentified animal"
serenity,197,196 and a bug
serious man a serious man,3,2 and a deer
serpico,0,0
seven pounds,8,8
seven psychopaths,14,14
sex and death 101,3,3
sex ed,0,0
sexting,0,0
sfw,5,5
shaded places,2,1 and a dog
shaft (2000),25,25 people and 10 motherfuckers
shakespeare in love,1,1
shark night,11,9 people and 2 sharks
shark week,14,10 and 4 sharks
sharknado,228,"22 people, 205 sharks and a duck"
shaun of the dead,35,34 and a pigeon
sheltered,10,10
sheriff tom vs the zombies,66,17 people and 49 zombies
sherlock holmes,6,6
sherlock holmes: a game of shadows,36,36
shiver,8,7 and a sheep
shoot em up,98,96 plus 2 deaths by carrot to the face
shooter,56,55 people and a dog
shooters,9,9
showgirls,0,0
shrek,87,"1 plus 1 bug, 4 fish, 1 slug, 1 bird, 3 weedrats, 1 spider and a spiderweb full of bugs"
shrek 2,3,"1 mermaid, 1 dove and 1 fairy godmother"
shrek the third,4,1 Frog King Dad-in-Law and 3 bugs
shriek if you know what i did last friday the 13th,15,13 people and 2 bugs
shrink,1,1 dog
shrooms,7,6 and a goat
shutter (2008),2,2
shutter island,1,1
silent house,1,1
silent night deadly night,14,13 and a snowman
silver linings playbook,0,0
sin city,59,59
sin city: a dame to kill for,66,66
single white female,4,3 and a dog
singles,1,1 fetus
sinister,4,3 and a scorpion
sister my sister,2,2
skipped parts,1,1 fetus
skyfall,50,50 and 2 bitches banged
slaughtered,10,10
slave,12,12
slc punk,1,1
sleepaway camp,11,11
sleepaway camp ii: unhappy campers,18,18
sleepaway camp iii: teenage wasteland,17,16 and a fish
sleeper,0,0
sleepers,8,8
sleeping beauty,1,1
sleeping beauty,2,2
sleepwalkers,11,"7, 2 sleepwalkers and 2 cats"
slither,201,"97 people, 77 alien slugs, 11 dogs, 8 cats, 3 coyotes, 2 cows, a mare, a possum and a deer"
slow burn,8,7 and a fly
slugs: the movie,16634,"11 people, 1 hamster, 9 slug eggs and 16,613 mutated slugs"
slumdog millionaire,4,4
smokin aces,35,35
snakes on a plane,118,"62 people, 54 snakes, 1 cat and 1 dog. Also, Samuel L. Jackson said motherfucker/ing five times."
snatch,21,21
snitch,16,16
snoop doggs hood of horror,18,17 and a dog
snow white and the huntsman,66,"63, a dwarf, a horse and the Evil Queen"
snow white: a tale of terror,13,"8 people, 1 stillborn baby, 1 horse, 1 pig, 1 bird and a crow"
snowpiercer,15136,136 people and a vat of bugs
soapdish,1,1 cockroach
someones knocking at the door,4,4
something borrowed,0,0
son of the mask,0,0
soo,26,26
soul surfer,1,1 shark
source code,0,0
south park: bigger longer & uncut,2,"2. That's right, I said TWO. The 312 people, 2 bears, robot king and demon that died in the war DON'T COUNT!"
southland tales,524,24 and a mega-zeppelin
southpaw,2,2
spaceballs,19,19
spawn,62,"39, 20 maggots, 2 worms and 1 Violator"
species,19,"14 people , 2 rats, 1 alien life form and 2 alien-human hybrids"
species ii,44,"23 people, 20 alien babies and 1 alien-human hybrid"
species iii,12,"7 people,1 cat, 1 alien-human hybrid and 3 half-breeds"
species iv: the awakening,14,"9 people, 4 alien-human hybrids and 1 unborn alien baby"
spider-man,19,19
spider-man 2,5,4 and Doc Ock
spider-man 3,3,2 and the Venom Symbiote
splice,8,"3 people, 1 Ginger, 1 Fred, 1 rabbit, 1 cat and 1 Dren"
spy who loved me,111,"44, a fish, a shark and two submarines full of guys in orange jumpsuits. Oh, and two bitches banged"
stag night,12,11 and a dog
stage fright,7,7
stake land,43,"20 people, 20 vampires, a forest animal, a baby and a fetus"
stalled,4,3 people and 1 zombie
stand by me,0,0
star trek (2009),5999995636,"5,999,995,635 and one alien creature"
star trek ii: the wrath of khan,27,25 and 2 earwigs
star trek iii: the search for spock,97,95 plus 1 space-snake alien life form and 1 Klingon spacedog
star trek iv: the voyage home,0,0
star trek v: the final frontier,4,3 and 1 god dude
star trek vi: the undiscovered country,500015,"500,011 Klingons, 3 humans and 1 Chameloid"
star trek: generations,394,384 plus 2 Romulans and 8 Klingons
star trek: the motion picture,2412,"2,412"
star wars: episode i - the phantom menace,162,"21, 3 gungam mounts, 4 destroyers, 2 tattooine lizard rats, 130 droids, 1 black gooberfish, and 1 eel-igator. Also 0 motherfuckers from Samuel L. Jackson."
star wars: episode ii - attack of the clones,200697,"128 (including Jango Fett) plus 2 extremely poisonous giant centipedes, 1 giant alien saber-rat, 1 space beast, 1 space rhinocerous, 1 Mary-beast, 2 AT-TE walkers, 377 droids, 25 big-boned droids, 1 spider droid, 8 roller droids, 2 destroyers, and 1 ball ship."
star wars: episode iii - revenge of the sith,353646,"117 plus 88 droids, 2 destroyers, 2 horseshoe crab ships, half of General Grievous's ship, 4 starfighters, 1 vulture droid, 8 buzz droids, 5 big-boned droids, 6 jedi-looking droids, 2 rolling water droids, 2 spider droids, 2 flying saucer ships and a hovertank."
star wars: episode iv - a new hope,1972739840,"115 plus 9 jawas, 6 X-Wings, 8 TIE Fighters, 3 Y-Wings, the entire planet of Alderaan and one Death Star"
star wars: episode v - the empire strikes back,136,"38, 2 tauntauns, 1 probe droid, 2 AT-AT Imperial Walkers, 4 TIE fighters and one mynock"
star wars: episode vi - return of the jedi,2615849,"76 (including Yoda, Boba Fett, Jabba the Hut, the Emperor and Darth Vader) plus 1 rancor, 1 Jabba-snack (a.k.a. frog), 1 space slug, 5 ewoks, 4 X-Wings, one rebel fighter, one kamikaze rebel fighter, 3 AT-ATs, 10 TIE Fighters, 2 rebel cruisers, 2 star destroyers and one unfinished death star."
stardust,17,"8 plus 4 witches, 1 star, 1 ferret, 1 small alligator, 1 goat and 1 unicorn"
starman,0,0
starsky & hutch,3,"1, an iguana tail and a pony"
stash house,7,6 and a raccoon
state of emergency,9,1 and 8 infected
state of play,5,5
staten island,7,7
static (aka glitch),4,4
stay alive,10,9 and a vampire
stoker,6,5 and a bird
stone,3,2 and a fly
storm of the century,11,11
straight as,1,1
strange brew,2,2
strange days,13,12 and a dog
strangeland,3,3
strangers on a train,3,3
street kings,12,12
street trash,13,13
stretch,1,1
striptease,2,2
sucker punch,1,1
sudden death,36,36
suicide club,80,78 and 2 small animals
sunset strip,0,0
sunshine cleaning,2,2
super,19,19
super 8,9,9
superfly,2,2
supergirl,1,1
superman,2000000004,4 and the planet Krypton
superman ii,10,9 and a snake
superman iii,1,1 self aware supercomputer
superman iv: the quest for peace,1,Nuclear Man
superman returns,2000000005,"5 people, 1 dog and Krypton"
superstar,2,2
surrender dorothy,1,1
surrogates,13,13
survival of the dead,96,"94, a pig, and a horse"
suspicion,2,2
sutures,16,16
swat,20,20 and 0 motherfuckers
sweeney todd: the demon barber of fleet street,15,12 and 3 bugs
sweet home alabama,1,1 mosquito
sweet karma,9,9
swimming pool,1,1
swordfish,37,36 and a yacht
sympathy for delicious,1,1
syriana,10,10
take me home,1,1
take this waltz,0,0
taken,20,20
taken 2,26,26
taken 3,18,18
tales from the crypt: demon knight,22,12 and 10 demons
tammy,0,0
tangled,1,1
tank girl,95,"93 people, 1 Ripper and a yak"
tarzan,12,"3 people, 1 gorilla, 1 gorilla baby, 1 leopard and 6 bugs"
tattoo a love story,0,0
taxi driver,4,4
team america: world police,2066,"2,066 plus 1 motherfucker from Samuel L. Jackson's puppet."
ted bundy,18,18
teeth,2,2
teeth & blood,4,1 human and 3 vampires
tenebre,12,12
terminator 1,39,"37, 1 machine and 1 terminator"
terminator 2: judgment day,13,"10, 1 flying machine and 2 terminators"
terminator 3: rise of the machines,3000000022,"3,000,000,017, one TX, two T-1's, one T-101, and one flying thing"
terminator salvation,500070,"53, 5 terminators, 2 motorcycle killing machines, 2 hunter killers, 8 face-eating water snake machines (a.k.a. machine face snake eaters) and Skynet Central"
texas chainsaw 3d ,14,14
thank you for smoking,1,1
thankskilling,12,"10 plus 1 dog, 1 baby bunny and a turkey rape"
"the	thing",24,"12 people, 5 dogs and 7 ""things"""
the a-team,25,25
the afflicted,6,6
the american,9,9
the anarchist cookbook,17,17
the andromeda strain,13,"3 people, 6 birds, 3 rats and a monkey"
the angriest man in brooklyn,2,1 and a cat
the art of the steal,0,0
the aviator,3,3
the babadook,61,1 dog and 60 worms
the baby,3,a disappointing 3
the babymakers,0,0
the babys room,1,1
the basketball diaries,2,2
the baytown outlaws,44,44
the beach,8,8
the beaver,0,0
the best exotic marigold hotel,1,1
the best exotic marigold hotel,1,1
the best of times,0,0
the beyond,16,16
the big lebowski,1,1
the big wedding,0,0
the big white,1,1
the birdcage,0,0
the birds,20,3 and 17 birds
the blind side,1,1
the bling ring,0,0
the blob (1958),6,6
the blob (1988),28,27 and a rat
the book of eli,53,51 plus a cat and a bird
the boondock saints,36,35 and a cat
the boondock saints ii: all saints day,56,56
the box,8,8
the box (2009),3,3
the break-up,1,1 relationship
the breakfast club,0,0
the bride,5,4 and a midget
the butcher (2006),8,8
the butcher (2007),4,4
the butcher (2009),35,35
the butchers,12,3 people and 9 chickens
the butterfly effect,1,1 unborn child. Unless you watch the theatrical version and then it's ZERO.
the cable guy,0,0
the call,2,2
the card player,8,7 and a radio
the cave,9,6 and 3 cave creatures
the chair,3,3
the china syndrome,1,1
the christmas season massacre,9,9
the christmas tale,4,4
the chronicles of riddick,2000177,"80 humans, 96 Necromongers (aka Monger Lords), 1 quasi dead and a planet"
the chumscrubber,1,1
the cider house rules,9,4 people and 5 fetuses
the city of lost children,9,"5 plus a set of siamese twins, a dwarf and a parakeet"
the cold light of day,19,19
the collection (2012),129,"126, 2 dogs and 1 large cockroach"
the collector,11,"7, 1 cat, 2 fish and 1 dog"
the conjuring,7,1 dog and 6 birds
the conspirator,6,6
the contract (2006),14,14
the counselor,8,8
the craft,10,3 and 7 sharks
the crazies (2010),1266,"1,266"
the croods,23,"17, a ram bird egg, a land whale, a mammoth, a scorpion, a bird crocodile and a giant flying bug"
the crow,27,27
the curve,2,2
the da vinci code,18047,"18,047"
the darjeeling limited,1,1
the dark crystal,7,"2 Skeksis, 2 Mystic, 2 Landstriders and a crawly"
the dark knight rises,112,111 plus Bane
the dead girl,1,1
the dead one (el muerto),3,3
the deer hunter,36,34 and 2 deer
the dentist,4,3 and a dog
the departed,20,19 and a fly
the descent,17,"7, plus 10 mutant-things"
the details,4,"1, a fetus, a cat and a racoon"
the devil inside,1,1
the devils carnival,3,3
the devils rejects,20,20
the diving bell and the butterfly,0,0
the donner party,8,"6, a bear and a deer"
the doom generation,9,8 and 1 dog
the emperors new groove,2,2 bugs
the equalizer,22,22
the exorcist,4,4
the expendables,165,165
the expendables 2,417,417 (203 before the title)
the extra man,1,1
the faculty,5,"3 people, 1 rat and 1 parasite spitting alien queen"
the fall of the house of usher,3,3
the family stone,1,1
the family tree,1,1
the farmers wife,1,1
the fast and the furious: tokyo drift,1,1
the fifth element,320,"22 humans, plus an entire space battleship, 26 mangolores, 3 mondoshawans, 17 parasites, one cockroach and one diva"
the fish child,5,3 people and 2 dogs
the five-year engagement,4,4
the fly (1986),2,1 baboon and 1 Brundlefly
the fourth kind,4,4
the french connection,13,13
the frighteners,21,20 and a fly
the fugitive,7,7
the game,1,1
the gate,1,1 demon lord
the ghost writer,3,3
the giant mechanical man,0,0
the girl who played with fire,4,4
the girl with the dragon tattoo,4,3 and a cat
the glass house,7,7
the godfather,19,18 and a horse
the golden compass,55,54 and an ice bear
the good girl,2,2
the good son,3,2 and a dog
the goods: live hard sell hard,1,1
the grand budapest hotel,12,11 and a cat
the gravedancers,6,6
the great gatsby (2013),3,3
the great muppet caper,1,1 fly
the green mile,7,7
the grudge,11,10 and a cat
the guilt trip,0,0
the hangover part iii,9,"4 people, 2 chickens, 2 dogs and a giraffe"
the happening,47,47
the hateful eight,14,14 people and 2 motherfuckers
the haunting in connecticut,6,6
the heat,5,5
the help,3,"1 person, 1 fetus and a chicken"
the hills have eyes (1977),10,"7, a spider, a dog and a bird"
the hills have eyes (2006),19,"15, 1 fish, 1 lizard, 1 dog and 1 bird"
the hills have eyes 2 (2007),17,16 and a rat
the hills have eyes part 2 (1985),7,7
"the hitcher 	 ",23,"21 people, 1 rabbit and 1 dragonfly"
the hitchhikers guide to the galaxy,6486329384,"Planet Earth, minus 2 people, minus 2 aliens, and minus all of the dolphins. Plus 2 crabs, 1 sperm whale, 1 bowl of petunias and an entire battle fleet of strange and warlike beings resplendent in black jeweled battle shorts. Plus two mice."
the hobbit: an unexpected journey,308,"13 men, 55 dwarves, 33 orcs, 3 trolls, a stone-giant, 185 goblins, the Goblin King, 16 wargs and a snail"
the hole,4,4
the holiday,0,0
the hollow,21,20 and a dog
the hollywoohe sd strangler meets the skid row slasher,12,12
the horse whisperer,1,1
the hot flashes,0,0
the house october built,0,0
the house of the devil,3,3
the hudsucker proxy,2,2
the human centipede,6,6
the hunger games,26,"22, a bird, a lizard, 2 squirrels and a placemat"
the hurt locker,19,18 and a fly
the ice pirates,20,"10 humans, 1 frog lady and 9 robots"
the imaginarium of doctor parnassus,9,"6, 2 flies and a chicken"
the immaculate conception of little dizzle,4,4 blue butt fish babies
the incredibles,24,"17, 5 bugs and 2 Omnidroid robots"
the international,16,16
the internship,0,0
the interview,30,29 and a tiger
the invasion,305,303 and 2 dogs
the invention of lying,1,1
the island,64,"22, plus 2 police officers and 40 ""defective"" (read: free-thinking) clones"
the jackal,18,18
the judge,2,2
the karate kid (2010),1,1 fly
the killer inside me,11,11
the killing jar,8,8
the killing room,3,3
the kitchen,0,0
the lady vanishes,6,6
the lake house,1,1
the langoliers,3,3
the last airbender,2,2
the last exorcism,4,3 and a kitty
the last godfather,4,4
the last house in the woods,10,10
the last house on the left,6,6
the last house on the left,6,6
the last lovecraft: relic of cthulhu,29,"17 people, 1 merman, 2 deep sea creature pets, 1 half-breed, 1 star slayer scream dude, 5 elder things and 2 dinosaurs"
the last man,0,0
the last samurai,1592,"1,562 people and 30 horses"
the last word (2008),0,0
the lazarus effect,3,2 and a dog
the league of extraordinary gentlemen,82,82
the ledge,1,1
the legend is born: ip man,6,5 and an unborn child
the lego movie,451,"444, 1 cow, 5 horses and 1 unicorn/pegasus"
"the life aquatic with steve zissou	 ",13,"11, 1 research turtle and 1 rhinestone bluefin"
the lifeguard,1,1
the lincoln lawyer,2,1 and a dog
the little girl who lives down the lane,3,2 people and a hamster
the little mermaid: ariels beginning,1,1
the living daylights,22,22 and 2 bitches banged
the loft,2,2
the longest yard,2,1 and a Bentley
the lookout,7,7
the lorax,1,1 firefly
the losers,61,"40 and a teddy bear before the opening title, then 20 more"
the lost boys,14,9 humans and 5 vampires
the lovely bones,2,2
the machinist,1,1
the magician,1,1
the magician ,2,2
the magnificent seven,55,55
the man from earth,1,1
the man who knew too much (1934),8,8
the man who knew too much (1956),3,3
the man with the golden gun,7,7 and 2 bitches banged
the mangler,7,7
the mangler 2,8,8
the mangler reborn,6,6
the mask,7,7
the matrix,43,"42, a tracer bug, and Neo's doubt"
the mechanic,29,29
the mechanic,17,17
the men who stare at goats,3,2 and a goat
the messengers,6,4 and 2 crows
the midnight meat train,17,17
the missing,28,"25 people, a deer and 2 horses"
the monster squad,14,"7 people, 4 vampires, a mummy, a wolfman and a creature from the black lagoon"
the monuments men,5,5
the mosquito coast,4,4
the muppet movie,1,1 fly
the muppets take manhattan,0,0
the nest,48,"7 people, 1 dog, 1 rat, 1 cat-roach, 1 roach-man, 1 Roach Master Deluxe and at least 36 roaches"
the newton boys,0,0
the next karate kid,1,1 spider
the nightmare before christmas,2,1 and a scorpion
the normal heart,4,4
the notebook,6,6
the number 23,3,3
the objective,10,10
the odd life of timothy green,1,1
the opposite of sex,1,1
the order,8,8
the other guys,6,6
the other woman,0,0
the others,0,0
the outsiders,3,3
the passion of the christ,4,3 and a snake
the people under the stairs,6,5 and a dog
the perfect family,1,1 fetus
the perfect host,0,0
the perks of being a wallflower,1,1
the pill,0,0
the place beyond the pines,1,1
the poker house,0,0
the prestige,108,105 and 3 birds
the princess bride,0,0
the prophecy,6,4 people and 2 angels
the prophecy 3: the ascent,4,2 people and 2 angels
the prophecy ii,9,5 people and 4 angels
the prophecy: forsaken,2,2
the prophecy: uprising,18,18
the puffy chair,1,1 puffy chair
the puppet masters,203534,"26 people and 203,508 aliens"
the purge,19,19
the purge: anarchy,52,52
the pursuit of happyness,0,0
the quiet,1,1
the raven,9,8 and a raven
the recruit,2,2
the rescuers,0,0
the rescuers down under,1,1
the return,2,2
the return of jafar,1,1
the ridiculous 6,3,2 and a horse
the rite,4,4
the road,6,6
the road warrior,48,"46, 1 bunny, and 1 dog"
the rocky horror picture show,4,4
the roommate,3,2 and a kitten
the running man,96,"18 before the opening titles ended, 60 innocent men, women & children, 4 stalkers and then 14 more people"
the sacrament,167,167
the samaritan,7,7 and 0 motherfuckers
the santa clause,1,1 Santa
the scorned,42,"4, plus 1 death by a kamikaze goldfish, 2 deaths by lava lamp, one phone and all of the careers of the ""actors"" involved in making this movie."
the seasoning house,17,17
the secret life of bees,3,2 and a cockroach
the secret life of walter mitty,0,0
the secret of nimh,3,3 rats
the shadow walkers,35,"15 before the opening titles and then 12 more, plus 8 genetically-altered mutants"
the shining,5,5
the signal,53,53
the simpsons movie,106,"2, plus all 3 members of Green Day, 77 fish and 24 swallows"
the sisterhood of night,1,1
the sisterhood of the traveling pants,1,1
the sixth sense,4,4
the skeleton key,3,3
the skin game,3,1 plus a fetus and a tree
the snowtown murders,7,"3 people, 1 dog and 3 deer"
"the spongebob squarepants movie	 ",2,2 fish
the square,6,5 and a doggie
the stepfather (1987),3,3
the stepfather (2009),4,4
the stranger,14,"12, a cat and a mouse"
the strangers,2,2
the super ninja,33,33
the switch,10,A headful of lice
the taking of deborah loagn,1,1
the taking of pelham 1 2 3 (2009),7,7
the taking of pelham one two three,5,5
the tale of sweeney todd,4,4
the talented mr ripley,5,4 and an unborn child
the tall man,1,1
the texas chainsaw massacre (1974),5,5
the texas chainsaw massacre (2003),8,8
the texas chainsaw massacre 2,8,8
the texas chainsaw massacre: the beginning,11,10 and a cow
the thirst,191,"39, a club full of people and 2 cats"
the thirteenth floor,6,6 simulations
the time travelers wife,4,2 and 2 fetuses
the tingler,2,2
the tommyknockers,12,4 and 8 aliens
the tortured,2,2
the tourist,5,5
the tournament,45,"43, 1 dog and 1 fetus"
the town,6,6
the town that dreaded sundown (2014),15,15
the toxic avenger part ii,50,"48, 1 horse and 1 fish-head guy"
the toxic avenger part iii: the last temptation of toxie,7,7
the transformers: the movie,2500000036,"1 robot planet, 7 autobots, 16 decepticons, 5 robot fish, 5 sharkticons, 2 random robots and Unicron"
the tripper,26,24 and 2 dogs
the truman show,0,0
the turin horse,0,0
the twelve chairs,1,1
the uninvited (2009),0,0
the united states of leland,1,1
the usual suspects,42,41 and a dog
the valley of the bees,9,8 and a deer
the vicious kind,0,0
the violent kind,5,5
the virgin suicides,5,5
the vow,0,0
the warriors,2,2
the watch,117,"4 people, a cow, and 112 aliens"
the watcher,12,12
the way of the gun,16,16
the wild,1,1 wildebeest
the wild bunch,1145,"138, 2 horses, 5 scorpions and 1,000 ants"
the winning season,0,0
the witches,5,"2 people, 2 witches and the Grand High Witch"
the wizard of gore,2512,"6, 1 leech, 5 rats and 5 handfuls of maggots"
the wizard of oz,2,2
the wolf man,4,2 and 2 wolfmen
the wolf of wall street,7,"5 people, a fish and a seagull"
the wolfman (2010),21,21
the wolverine,39048,"39,046 plus a bear and a mutant"
the woman,6,"4 people, a wolf and a fish"
the woman in black,8,8
the world is not enough,62,62 and 3 bitches banged
the yards,2,2
the zombie diaries,28,28
theatre of blood aka theater of blood,13,11 and 2 dogs
thelma & louise,1,1
there will be blood,12,5 and 7 quail
they came together,1,1
things to do in denver when youre dead,15,15
thinner,6,6
this is the end,37,36 and a demon
this is where i leave you,0,0
this means war,22,22
thor,148,"146, 1 Giant Ice Monster and 1 Destroyer"
three kings,22,21 and a cow
thumbelina,2,1 fly and 1 frog
thunderball,45,"44, a shark, and 3 bitches got banged"
thursday,19,18 and a fetus
thx 1138,68,"63 plus 1 mate, 2 robot police officers, 1 hologram dude and a fetus"
til there was you,1,1
time bandits,1552,"37, plus 1 minotaur, 1 rat, 1 Evil Genius and everyone that died on the Titanic"
timecrimes,1,1
tiny furniture,1,1 hamster
titanic,1534,"1,522 and 12 dogs"
titus,12,11 and a fly
to catch a thief,1,1
toast,2,2
tombstone,31,31
tommy,3,3
tomorrow never dies,819,819 and 2 bitches banged
tomorrowland,22,"5 people, 16 AA units and 1 bird"
too young to die?,1,1
tooth & nail,20,20
top secret!,24,"22, a cricket and a carrier pigeon"
torment,7,6 and a dog
total recall,68,"49, plus 16 fish, 1 rat, 1 Jonny Cab and 1 three-breasted mutant hooker"
total recall (2012),50201,"195 people, 50,006 synthetic police"
touchy feely,0,0
toxic avenger,23,22 and a dog
toy soldiers,18,18
traffic,7,7
trailer park of terror,10,10
train,10,10
trainspotting,2,1 and a baby
traitor,63,63
trance,5,5
transcendence,17,17
transformers,2024,"2,019 humans, 1 Autobot, 3 Decepticons and 1 baby Decepticon"
transformers: dark of the moon,129069,"129,017 people, 34 Decepticons, 7 Autobots, 10 more robots and a bird"
transformers: revenge of the fallen,7071,"7,049 people, 14 Decepticons, 5 baby Decepticons, 1 Decepticon hatchling, 1 Autobot that used to be a Decepticon, and 1 goat"
transporter 3,20,19 and a fish
trapped,1,1
trauma (1993),13,"10 people, 1 butterfly, 1 lizard and a decapitated newborn"
trauma (2004),1,1
traveler,6,6
trees lounge,1,1 and 0 motherfuckers
tremors,34,"9 people, 20 sheep, 1 horse, 4 graboids"
tremors 2: aftershocks,75,"3, plus 1 coyote and 71 graboids"
tremors 3: back to perfection,45,"5 people, 30 shreikers, 2 cows, 1 graboid and 7 assblasters"
tremors 4: the legend begins,33,29 and 4 dirt-dragons
trespassing aka evil remains,7,7
trial of the incredible hulk,2,2
trick r treat,10,10
troll,5,"3 people, 1 demon and a cop"
troll 2,10,5 people and a witch and some goblins via a double decker bologna sandwich and dear god I wish I was kidding.  Terrible.
trollhunter,8,"3 people, 4 trolls and 1 sheep"
tromeo and juliet,8,7 and a mouse
tron,29,"19 programs, 7 recognizers, 2 tanks and 1 master control program"
tropic thunder,4,"1, a bat, a panda and a Tivo"
true grit,14,11 and 3 horses
true lies,87,87
true romance,20,20
truth or die,7,7
tucker & dale vs evil,14,14
tuesdays with morrie,1,1
turistas,10,10
turok: son of stone,158,"149 people, 2 horses, 2 bucks, a monkey, a bug, a sea monster, an elephant and a pterodactyl"
twelve,7,7
twelve monkeys 12 monkeys,8,7 and a spider
twilight,5,"2, a vampire and 2 deer"
two brothers,2,2 tigers
two hands,8,8
ultimate avengers: the movie,84,30 people and 54 aliens
ultraviolet,311,310 and an unborn child
unborn the unborn,7,7
uncertainty,1,1
undead or alive,32,"30, a horse, and a chicken"
under the tuscan sun,1,1 scorpion and a washing machine
undercover brother,8,8
underworld,45,"15 vampires, 29 lycan and one half lycan, half vampire fetus"
unknown,10,9 people and 2 taxis
unrest,7,7
unthinkable,55,55 and 0 motherfuckers
up,2,2
up in smoke,2,1 bird and 1 dog
up in the air,1,1
v for vendetta,64,64
valhalla rising,16,16
valkyrie,2015,2014 and a mosquito
vampires suck,8,7 and a cat
vanilla sky,1,1
vanity fair,13302,2 and the Battle of Waterloo
venom,11,11
veronica mars,2,2
vertigo,3,3
very bad things,6,6
view to a kill,29,29 and 4 bitches banged
vile,9,8 and a fetus
village of the damned,4063,"4,054 people, 8 creepy alien kids and 1 stillborn alien baby"
violet & daisy,20,20
virginia,1,1
wag the dog,4,4
wake the witch,2,2
waking madison,0,0
walk of shame,0,0
wanted,662,"158 people, 501 rats and 3 flies"
war inc,50,49 and a scorpion
watchers,20,13 and 7 research animals
watchmen,15000044,"15,000,040, a fetus, 2 dogs and Bubastyx (the genetically engineered tiger-lynx hybrid)"
water for elephants,6,5 and a horse
we are marshall,75,75
we are what we are,9,"7, 1 dog and 1 baby deer"
we need to talk about kevin,5,4 and a guinea pig
we were soldiers,1753,"1,753"
weather man,1,1
weirdsville,6,5 and a rat
welcome to me,0,0
were the millers,1,1 shark
wes cravens new nightmare,5,4 and Freddy again
wet hot american summer,2,2
what doesnt kill you,0,0
what dreams may come,4,4
what ever happened to baby jane?,3,"1, a bird and a rat"
what planet are you from?,2,2
what to expect when youre expecting,1,1 fetus
what we do in the shadows,9,"6 people, 2 vampires and a chicken"
whats eating gilbert grape,3,2 and a grasshopper
where the wild things are,0,0
while the children sleep aka the sitter,4,4
whiplash,1,1
white bird in a blizzrd,1,1
white chicks,0,0
white irish drinkers,1,1
white rabbit,3,1 person and 2 rabbits
white reindeer,1,1
whiteout,10,10
who framed roger rabbit,9,2 people and 7 toons
who is kk downey?,1,1
why stop now,0,0
wicked blood,9,9
wild,2,1 mom and 1 horse
wild at heart,9,8 and a fetus
wild cherry,0,0
wild oranges,3,3
wild things,3,3
willow,36,"33, plus 1 ""dog"" (looks more like a cross between a boar and a giant rat), 1 troll, and 1 two-headed beast "
winters bone,4,4 squirrels
winters tale,19,19
wishful thinking,0,0
wishmaster,1,1
wishmaster 2: evil never dies,2,2
wishmaster 3: beyond the gates of hell,8,8
wishmaster 4: the prophecy fulfilled,8,7 and the Djinn
wolf (1994),5,4 and a deer
wolfcop,23,20 people and 3 shapeshifters
wonder woman,96,"85, 2 fire breathing dragon dogs, 1 cyclops, 1 pegasus, 1 minotaur, 1 rat, 3 gargoyles, Deimos & Ares"
wonderland,4,4
wont back down,0,0
world unseen,1,1
worlds greatest dad,1,1
would you rather,9,9
wreck-it ralph,10011,"2 and 10,009 Cy-Bugs"
wreckage,8,7 and a dog
wristcutters: a love story,9,9
wrong turn,8,8
wyrmwood: road of the dead,70,8 people and 62 infected
x,5,5
x-men,6,5 and a bird
x-men origins: wolverine,48,47 and a bear
x-men: first class,64,62 people and 2 mutants
x2,33,31 and 2 mutants
yelling to the sky,1,1
you dont know jack,130,130
you only live twice,77,77 and 3 bitches banged
young and innocent,1,1
young frankenstein,0,0
young guns ii,21,21
your highness,26,"22 people, a pixie, a minotaur, mother witch and Leezar"
youth in revolt,1,1
zodiac,3,3
zombeavers,9,"2 people, 1 deer, 2 dogs, 3 Zombeavers and 1 infected Zombeaver chick"
zombie honeymoon,10,10
zombie hunter,58,"4 people, 50 zombies, 1 cat and 3 out of place aliens"
zombie strippers,44,43 and a fly
zombieland,149,148 plus Bill Murray
zombies of mass destruction,34,34
zoolander,3,"3 really, really ridiculously good-looking models "
zulu,372,"369 people, a cheetah, a gazelle and a cow"