,moviename,BoxOffice,ProductionBudget,Genre,ReleaseDate,deathcount,deathcomment
30,resident evil: apocalypse,50740078,50000000,horror,9/10/04,150,"111, plus 1 that we almost missed because we were too busy talking about sex, 4 dogs, 3 lickers and an entire city (including 1 nemesis boyfriend)"
31,the wolverine,132556852,115000000,action,7/26/13,39048,"39,046 plus a bear and a mutant"
33,braveheart,75545647,72000000,drama,5/24/95,21338,"20,176 men and 1,162 horses"
34,the da vinci code,217536138,125000000,thriller/suspense,5/19/06,18047,"18,047"
36,resident evil: extinction,50648679,45000000,action,9/21/07,15576,"576, 3 dogs and an entire flock of demon birds"
37,snowpiercer,4563029,40000000,thriller/suspense,6/27/14,136,136 people and a vat of bugs
38,children of men,35327768,76000000,thriller/suspense,12/25/06,15043,"39, a dog, 3 crispy cows and a refugee camp"
39,vanity fair,16123851,23000000,drama,9/1/04,13302,2 and the Battle of Waterloo
41,bats,10155691,6500000,horror,10/22/99,10264,"28 people and 10,236 bats"
42,28 weeks later,28637507,15000000,horror,5/11/07,10211,"10,211"
43,schindlers list,95494598,25000000,drama,12/15/93,10033,"10,033"
45,wreck-it ralph,189412677,165000000,adventure,11/2/12,10011,"2 and 10,009 Cy-Bugs"
46,legends of the fall,66484854,30000000,drama,12/23/94,8765,"8,763 people, 1 cow and 1 unidentified animal"
47,transformers: revenge of the fallen,402111870,210000000,action,6/24/09,7071,"7,049 people, 14 Decepticons, 5 baby Decepticons, 1 Decepticon hatchling, 1 Autobot that used to be a Decepticon, and 1 goat"
48,hellboy,59103901,60000000,action,4/2/04,6041,"34 plus 6 Sammaels, 1 Ogdru Jahad, and thousands of Sammael eggs"
49,deep rising,11146409,45000000,action,1/30/98,4207,"4,206 and one real unfriendly sea monster"
52,300,210592590,60000000,action,3/9/07,3977,"3,971 people, 1 battle rhinocerous, 3 elephants, 1 giant wolf and a big orc-looking dude"
53,monsters vs aliens,198351526,175000000,adventure,3/27/09,3682,"3,601 aliens and 81 giant alient robot probes"
54,extremely loud and incredibly close,31847881,40000000,drama,12/25/11,2763,"2,763"
57,star trek: the motion picture,82258456,35000000,adventure,12/7/79,2412,"2,412"
58,avp: alien vs predator,80281096,70000000,horror,8/13/04,2350,"26 humans, 6 predators, 85 face huggers, 2,233 aliens and 1 baby alien"
61,pandorum,10330853,40000000,horror,9/25/09,2176,"2,174 and 2 grasshoppers"
62,team america: world police,32774834,20000000,comedy,10/15/04,2066,"2,066 plus 1 motherfucker from Samuel L. Jackson's puppet."
63,indiana jones and the last crusade,195705225,48000000,adventure,5/24/89,2055,"48 people, 7 birds, and 2,000 rats"
64,transformers,319071806,151000000,action,7/2/07,2024,"2,019 humans, 1 Autobot, 3 Decepticons and 1 baby Decepticon"
65,valkyrie,83077762,90000000,thriller/suspense,12/25/08,2015,2014 and a mosquito
66,we were soldiers,78120196,70000000,drama,3/1/02,1753,"1,753"
67,kingdom of heaven,47398413,110000000,adventure,5/6/05,1594,"1,578 and 16 horses"
68,the last samurai,111110575,140000000,action,12/5/03,1592,"1,562 people and 30 horses"
69,time bandits,37400000,12000000,adventure,11/6/81,1552,"37, plus 1 minotaur, 1 rat, 1 Evil Genius and everyone that died on the Titanic"
70,titanic,658672302,200000000,thriller/suspense,12/19/97,1534,"1,522 and 12 dogs"
71,clash of the titans,163214888,125000000,action,4/1/10,1291,"1,281 plus 1 fish, 2 giant scorpions, 4 furies, Medusa, a djinn, and the kraken"
74,the lord of the rings: the two towers,342548984,94000000,adventure,12/18/02,1246,"87 men, 67 elves, 1,068 orcs, 6 horses, 13 worgs, 1 ent, 1 balrog, 2 rabbits and 1 fish"
75,season of the witch,24827228,40000000,thriller/suspense,1/7/11,1171,"1,140 people, 12 wolves, 18 zombie monks and 1 demon"
76,the wild bunch,509424,6000000,western,6/18/69,1145,"138, 2 horses, 5 scorpions and 1,000 ants"
77,ghost ship,30113491,20000000,horror,10/25/02,1137,"1,137"
79,tomorrow never dies,125279326,110000000,action,12/19/97,819,819 and 2 bitches banged
80,jarhead,62647540,72000000,drama,11/4/05,753,752 and a scorpion
82,elizabeth: the golden age,16285240,55000000,drama,10/12/07,704,704
83,wanted,134327125,75000000,action,6/27/08,662,"158 people, 501 rats and 3 flies"
85,platoon,132761962,6000000,drama,12/19/86,570,569 and a pig
86,dark skies,17418667,3500000,thriller/suspense,2/22/13,550,3 flocks of birds
87,lockout,14326865,20000000,thriller/suspense,4/13/12,533,533
88,indiana jones and the temple of doom,175083524,28000000,adventure,5/23/84,532,"31 people, 8 chickens, 2 snakes, 1 mosquito and 490 other bugs"
89,southland tales,275380,17000000,musical,11/14/07,524,24 and a mega-zeppelin
90,aliens,85160248,17000000,action,7/18/86,485,"169 humans, 156 aliens, 159 face huggers and one alien queen"
91,elizabeth,30012990,25000000,drama,11/6/98,482,482
92,jonah hex,10547117,47000000,action,6/18/10,482,482
93,the lego movie,257784718,60000000,adventure,2/7/14,451,"444, 1 cow, 5 horses and 1 unicorn/pegasus"
94,finding nemo,380529370,94000000,adventure,5/30/03,422,2 fish and 420 eggs
95,the expendables 2,85028192,100000000,action,8/17/12,417,417 (203 before the title)
96,inglourious basterds,120774594,70000000,action,8/20/09,397,397
97,star trek: generations,75510568,38000000,adventure,11/18/94,394,384 plus 2 Romulans and 8 Klingons
100,life of pi,124987022,120000000,drama,11/21/12,328,"25, a goat, a giraffe, a camel, an ostrich, a warthog, 6 birds, 5 monkeys, an ibex, a cheetah, a hippo, 2 orangutans, a rhino, a zebra, a hyena, a rat, 2 big fish, a boatload of flying fish, 45 jellyfish, 40 fish eaten by acid and 61 meerkats"
101,gremlins 2: the new batch,41476097,50000000,comedy,6/15/90,325,"3 people, 322 gremlins"
102,the fifth element,63540020,95000000,action,5/9/97,320,"22 humans, plus an entire space battleship, 26 mangolores, 3 mondoshawans, 17 parasites, one cockroach and one diva"
104,australia,49554002,130000000,drama,11/26/08,313,"298, 10 cows, 1 horse, 2 flies, 1 kangaroo and a dog"
105,ultraviolet,18522064,30000000,action,3/3/06,311,310 and an unborn child
106,the hobbit: an unexpected journey,303003568,250000000,adventure,12/14/12,308,"13 men, 55 dwarves, 33 orcs, 3 trolls, a stone-giant, 185 goblins, the Goblin King, 16 wargs and a snail"
107,the invasion,15074191,80000000,thriller/suspense,8/17/07,305,303 and 2 dogs
109,final destination,53302314,23000000,horror,3/17/00,292,292
110,constantine,75500759,75000000,action,2/18/05,283,"5 people, 15 demons, 51 half breeds, 127 cows and 85 bugs"
111,mission: impossible 2,215409889,120000000,action,5/24/00,280,280
112,dune,27447471,45000000,action,12/14/84,270,268 and 2 sandworms
113,die hard 2,117323878,70000000,action,7/3/90,265,265
114,blade: trinity,52397389,65000000,action,12/8/04,254,"195 people, 55 vampires, 3 vampire dogs and Dracula"
119,judge dredd,34687912,85000000,action,6/30/95,231,231 and an ABC robot
121,olympus has fallen,98927592,70000000,thriller/suspense,3/22/13,223,222 and a dog
123,legion,40122938,26000000,thriller/suspense,1/22/10,217,172 and 45 locusts
124,mars attacks!,37754208,80000000,comedy,12/13/96,204,"122 people, 78 aliens, 2 dogs, 1 dove and 1 bird"
125,slither,7802450,15250000,horror,3/31/06,201,"97 people, 77 alien slugs, 11 dogs, 8 cats, 3 coyotes, 2 cows, a mare, a possum and a deer"
126,serenity,25335935,39000000,action,9/30/05,197,196 and a bug
128,equilibrium,1190018,20000000,action,12/6/02,187,180 people and 7 dogs
129,the lord of the rings: the fellowship of the ring,315544750,109000000,adventure,12/19/01,183,"102 before the title and then 72 more, plus 9 horses"
130,avatar,760507625,425000000,action,12/18/09,181,"69 humans, 74 Nav'i, 4 hairless tar dogs, 1 blue deer-thing, 2 avatars, 17 6-legged blue horses, 13 banshees and 1 giant panther dragon."
134,cloud atlas,27108272,102000000,drama,10/26/12,169,168 and a dog
137,30 days of night,39568996,30000000,horror,10/19/07,165,"146 people, 12 vampires and 7 dogs"
138,the expendables,103068524,82000000,action,8/13/10,165,165
142,gi joe: the rise of cobra,150201498,175000000,action,8/7/09,149,149
143,zombieland,75590286,23600000,comedy,10/2/09,149,148 plus Bill Murray
144,thor,181030624,150000000,action,5/6/11,148,"146, 1 Giant Ice Monster and 1 Destroyer"
145,aliens vs predator - requiem,41797066,40000000,action,12/25/07,142,"84 people, 4 unborn children, 24 aliens, 4 predators, 5 face huggers, 1 pralien and 20 baby praliens "
148,star wars ep v: the empire strikes back,290158751,23000000,adventure,5/21/80,136,"38, 2 tauntauns, 1 probe droid, 2 AT-AT Imperial Walkers, 4 TIE fighters and one mynock"
149,carrie,25878153,1800000,horror,11/16/76,135,134 and a pig
150,gremlins,148117285,11000000,comedy,6/8/84,132,3 people and 129 gremlins
151,rambo iii,53715611,58000000,action,5/25/88,132,130 and 2 horses
153,cowboys and aliens,100240551,163000000,action,7/29/11,130,"35 people, 11 horses, 44 cows and 40 aliens"
156,the house of the dead,10199354,7000000,horror,10/10/03,128,128
159,moonraker,70300000,31000000,action,6/29/79,121,"108, 12 pheasants, 1 python and 3 bitches banged"
160,raiders of the lost ark,248159971,20000000,adventure,6/12/81,119,"55, a monkey and 63 ""impossible to count"" snakes"
161,day of the dead,5804262,3500000,horror,7/3/85,118,117 and one zombie boyfriend
162,snakes on a plane,34020814,33000000,thriller/suspense,8/18/06,118,"62 people, 54 snakes, 1 cat and 1 dog. Also, Samuel L. Jackson said motherfucker/ing five times."
163,the watch,34353000,55000000,comedy,7/27/12,117,"4 people, a cow, and 112 aliens"
165,the dark knight rises,448139099,275000000,action,7/20/12,112,111 plus Bane
166,the spy who loved me,46800000,14000000,action,7/13/77,111,"44, a fish, a shark and two submarines full of guys in orange jumpsuits. Oh, and two bitches banged"
167,dreamcatcher,33685268,68000000,drama,3/21/03,108,"14 people, 1 dog, 1 deer, 29 giant alien ass penis monsters, 3 alien ass worms, 19 alien ass worm babies, 40 alien ass worm eggs and 1 Duddits"
168,punisher: war zone,8050977,35000000,action,12/5/08,108,108
169,the prestige,53089891,40000000,thriller/suspense,10/20/06,108,105 and 3 birds
170,red dawn,44806783,65000000,action,11/21/12,107,106 and a deer
171,mystery men,29762011,68000000,comedy,8/6/99,106,6 and a blown-up asylum
172,the simpsons movie,183135014,72500000,comedy,7/27/07,106,"2, plus all 3 members of Green Day, 77 fish and 24 swallows"
173,captain america: the first avenger,176654505,140000000,action,7/22/11,105,105
175,bram stokers dracula,78142084,40000000,horror,11/13/92,103,"95, 1 worm, 1 baby, 1 horse, and 5 vampires"
176,dances with wolves,175293948,19000000,western,11/9/90,103,"52 people, 2 dogs, 41 buffalo, 7 horses and a wolf"
181,octopussy,62440579,27500000,action,6/10/83,97,"96 and a spider, and 2 bitches banged"
182,rules of engagement,61322858,60000000,thriller/suspense,4/7/00,97,97 and 5 motherfuckers from Samuel L. Jackson
183,star trek iii: the search for spock,71273785,18000000,adventure,6/1/84,97,95 plus 1 space-snake alien life form and 1 Klingon spacedog
185,the running man,37743350,30000000,action,11/13/87,96,"18 before the opening titles ended, 60 innocent men, women & children, 4 stalkers and then 14 more people"
187,district 9,115646235,30000000,thriller/suspense,8/14/09,95,"48, a little alien dog, and 46 alien eggs"
188,gangs of new york,77730500,97000000,drama,12/20/02,95,94 and a rat
189,tank girl,3817132,25000000,action,3/1/95,95,"93 people, 1 Ripper and a yak"
190,final destination 5,42587643,40000000,horror,8/12/11,94,94
191,from dusk till dawn,25728961,20000000,horror,1/19/96,94,23 humans and 71 vampires
192,blood diamond,57377916,100000000,action,12/8/06,93,92 and a baboon
194,pirates of the caribbean: at worlds end,309420425,300000000,adventure,5/24/07,88,88
195,dredd,13414714,45000000,action,9/21/12,87,87
196,shrek,267655011,50000000,adventure,5/18/01,87,"1 plus 1 bug, 4 fish, 1 slug, 1 bird, 3 weedrats, 1 spider and a spiderweb full of bugs"
197,true lies,146273950,100000000,action,7/15/94,87,87
198,commando,34896317,10000000,action,10/4/85,86,86
199,iron man,318604126,186000000,action,5/2/08,86,86
201,freddy vs jason,82490748,25000000,horror,8/15/03,85,20 people and 65 maggots
204,safe,17142080,33000000,action,4/27/12,82,82
205,the league of extraordinary gentlemen,66465204,78000000,adventure,7/11/03,82,82
208,machete,26593646,12500000,action,9/3/10,78,77 and an unborn child
209,army of darkness,11502976,11000000,horror,2/19/93,77,77
211,you only live twice,43100000,9500000,action,6/13/67,77,77 and 3 bitches banged
212,conan the barbarian,21295021,90000000,action,8/19/11,76,"71 people, 3 horses, 1 buzzard and a giant snake"
213,clash of the titans,30000000,15000000,adventure,6/12/81,75,"69 plus 3 giant scorpions, 1 two-headed dog, Medusa and the Kraken"
215,we are marshall,43545364,65000000,drama,12/22/06,75,75
216,predator,56072497,18000000,action,6/12/87,72,"69, a scorpion, a boar and a predator"
217,king kong,218080025,207000000,adventure,12/14/05,71,"26 with Ape. Also 3 dinosaurs, 4 T-Rexes, 35 various giant insects and 3 giant bats."
221,blade,70001065,45000000,action,8/21/98,69,"22 humans, 46 vampires and a plant"
223,elysium,93050117,120000000,action,8/9/13,69,69
224,lord of war,24149632,42000000,action,9/16/05,69,69
227,total recall,108580729,65000000,action,6/1/90,68,"49, plus 16 fish, 1 rat, 1 Jonny Cab and 1 three-breasted mutant hooker"
228,dogma,30651422,10000000,comedy,11/12/99,67,"57, 5 demons and 5 gang members"
229,drive angry,10721033,50000000,action,2/25/11,67,67
230,apocalypto,50866635,40000000,adventure,12/8/06,66,"59 people, 1 tapir, 3 ants, 1 jaguar, 1 monkey and 1 snake"
232,diamonds are forever,43800000,7200000,action,12/17/71,66,66 and only 1 bitch banged
234,sin city: a dame to kill for,13757804,65000000,action,8/22/14,66,66
235,snow white and the huntsman,155136755,170000000,adventure,6/1/12,66,"63, a dwarf, a horse and the Evil Queen"
237,kick-ass,48071303,28000000,black comedy,4/16/10,64,64
238,the island,15716828,22000000,adventure,6/13/80,64,"22, plus 2 police officers and 40 ""defective"" (read: free-thinking) clones"
239,v for vendetta,70511035,50000000,action,3/17/06,64,64
240,x-men: first class,146408305,160000000,action,6/3/11,64,62 people and 2 mutants
241,pirates of the caribbean: on stranger tides,241063875,250000000,adventure,5/20/11,63,"56 people, 2 mermaids, 3 poisonous toads and 2 zombie pirates"
242,pitch black,39235088,23000000,horror,2/18/00,63,40 and 23 aliens
243,rambo iii,53715611,58000000,action,5/25/88,63,62 and a chicken
244,riddick,42025135,38000000,action,9/6/13,63,"9 humans, 3 Necromongers (aka Monger Lords), 1 alien bird, 2 alien jackals, 4 alien eels, 42 mud demons and 2 mud demon babies"
245,traitor,23530831,22000000,thriller/suspense,8/27/08,63,63
248,iron man 3,408992272,200000000,action,5/3/13,62,62 people and 1 exploding plant
249,spawn,54967359,40000000,action,7/31/97,62,"39, 20 maggots, 2 worms and 1 Violator"
250,the world is not enough,126930660,135000000,action,11/19/99,62,62 and 3 bitches banged
251,eagle eye,101440743,80000000,thriller/suspense,9/26/08,61,61
254,the losers,23591432,25000000,action,4/23/10,61,"40 and a teddy bear before the opening title, then 20 more"
255,goldeneye,105978900,60000000,action,11/17/95,60,60 and 2 bitches banged
256,goldfinger,51100000,3000000,action,12/22/64,60,60 and 2 bitches banged
257,sin city,74103820,40000000,action,4/1/05,59,59
258,the punisher,33571379,33000000,action,4/16/04,58,58
262,flash gordon,27107960,35000000,action,12/5/80,57,56 (including 9 hawkmen and 1 lizard man) plus a swamp monster
263,jennifers body,16204793,16000000,thriller/suspense,9/18/09,57,56 people and 1 succubus
264,pirates of the caribbean: dead mans chest,423315812,225000000,adventure,7/7/06,57,56 and a hermit crab
265,django unchained,162805434,100000000,western,12/25/12,56,"52 people, 4 horses and 5 motherfuckers"
266,shooter,47003582,60000000,thriller/suspense,3/23/07,56,55 people and a dog
267,the boondock saints 2: all saints day,10273187,8000000,action,10/30/09,56,56
268,the golden compass,70107728,205000000,adventure,12/1/07,55,54 and an ice bear
271,batman,248972777,35000000,action,6/23/89,54,54
273,grace,8297,5000000,horror,8/14/09,53,"3 people, 2 rats and 48 flies"
274,robocop 3,10696210,22000000,action,11/5/93,53,50 and 3 RoboNinjas
275,the book of eli,94835059,80000000,action,1/15/10,53,51 plus a cat and a bird
276,the signal,251150,50000,horror,2/22/08,53,53
278,alien: resurrection,47748610,60000000,action,11/26/97,52,"28 people, 22 face huggers, 12 aliens, 7 clones, 1 spider, 1 alien queen and 1 alien-human hybrid"
280,the long kiss goodnight,33430951,65000000,action,10/11/96,52,"50, a deer, a cricket, and Samuel L. Jackson graced us with two motherfuckers."
281,the purge: anarchy,71562550,9000000,thriller/suspense,7/18/14,52,52
282,after earth,60522097,130000000,action,5/31/13,51,"21, 20 monkeys, 7 giant bird babies, 1 cave rat (eaten by a flying snake!), 1 giant bird and 1 URSA"
283,desperado,25405445,7000000,action,8/25/95,51,51
284,kill bill: volume 1,70098138,55000000,action,10/10/03,51,51
285,circle,10024,2000000,horror,8/27/10,50,49 and a fetus
286,hobo with a shotgun,703372,3000000,action,5/6/11,50,50
287,looper,66486205,30000000,action,9/28/12,50,50
288,skyfall,304360277,200000000,action,11/8/12,50,50 and 2 bitches banged
290,war inc,578527,10000000,black comedy,5/23/08,50,49 and a scorpion
291,knight and day,76423035,117000000,action,6/23/10,49,49
293,3000 miles to graceland,15738632,62000000,drama,2/23/01,48,47 and a coyote
294,from paris with love,24077427,52000000,thriller/suspense,2/5/10,48,48
295,kung pow: enter the fist,16033556,10000000,comedy,1/25/02,48,"43 people, a dog, 2 moths, a big toe, a stomach plug and one French alien UFO"
296,lara croft: tomb raider: the cradle of life,65653758,90000000,adventure,7/25/03,48,44 and 4 shadow guardians
300,x-men origins: wolverine,179883157,150000000,action,5/1/09,48,47 and a bear
302,the happening,64506874,60000000,thriller/suspense,6/13/08,47,47
309,for your eyes only,54800000,28000000,action,6/26/81,45,"27, 1 British spy ship disguised as a fishing vessel, and one bitch banged"
310,ghost dog: way of the samurai,3330230,2000000,drama,3/3/00,45,"18 people, 26 pigeons and 1 bear"
312,thunderball,63600000,9000000,action,12/29/65,45,"44, a shark, and 3 bitches got banged"
314,underworld,51970690,22000000,action,9/19/03,45,"15 vampires, 29 lycan and one half lycan, half vampire fetus"
315,bangkok dangerous,15298133,45000000,action,9/5/08,44,43 and a scorpion
317,lucy,126573960,40000000,action,7/25/14,44,"41, a bug, a fish and a gazelle"
322,behind enemy lines,58855732,40000000,action,11/30/01,43,43
328,stake land,33245,4000000,horror,4/22/11,43,"20 people, 20 vampires, a forest animal, a baby and a fetus"
329,the matrix,171383253,65000000,action,3/31/99,43,"42, a tracer bug, and Neo's doubt"
331,mad max 2: the road warrior,24600832,2000000,action,5/21/82,42,"39 people, a rabbit, a snake and a dog"
332,rubber,100370,500000,black comedy,4/1/11,42,"36 people, 1 crow, 1 scorpion, 1 rabbit, 1 turkey, 1 spider and Robert the tire"
333,scarface,44942821,25000000,drama,12/9/83,42,42
335,the usual suspects,23272306,6000000,drama,8/16/95,42,41 and a dog
336,crank 2: high voltage,13684249,20000000,thriller/suspense,4/17/09,41,41
338,live free or die hard,134529403,110000000,action,6/27/07,41,41
341,push,31811527,38000000,thriller/suspense,2/6/09,40,27 people and 13 fish
343,predator 2,28317513,35000000,action,11/21/90,39,38 and a predator
345,mission: impossible,180891004,80000000,action,5/21/96,38,"7 people, a rat and 30 fish"
350,swordfish,69772969,80000000,action,6/8/01,37,36 and a yacht
351,this is the end,101470202,32000000,comedy,6/12/13,37,36 and a demon
352,big trouble in little china,10911690,25000000,action,7/1/86,36,"35 and a thing they called a guardian but which I think looks like a beholder. Not a behemoth, which is what I said the first time. Wrong b word."
353,sherlock holmes: a game of shadows,186848418,125000000,action,12/16/11,36,36
355,the boondock saints,30471,7000000,action,1/21/00,36,35 and a cat
356,the deer hunter,50000000,15000000,drama,1/1/79,36,34 and 2 deer
360,fast five,209837675,125000000,action,4/29/11,35,35
361,jurassic world,652198010,215000000,action,6/12/15,35,"19 people, a pig, a goat, a bug, 1 Ankylosaurus, 6 Apatosaurus, 1 Dimorphodon, 1 Pteranondon, 3 Velociraptors and 1 Indominus Rex "
364,shaun of the dead,13464388,5000000,comedy,9/24/04,35,34 and a pigeon
365,smokin aces,35662731,17000000,comedy,1/26/07,35,35
370,falcon rising,11774,4500000,adventure,9/4/14,34,34
371,jupiter ascending,47482519,179000000,action,2/6/15,34,"7 people, 18 aliens, 7 gargoyles and 2 gun-armed guards"
373,tremors,16667084,10000000,action,1/19/90,34,"9 people, 20 sheep, 1 horse, 4 graboids"
375,28 days later,45064915,8000000,horror,6/27/03,33,32 and a monkey
377,bullet to the head,9489829,55000000,action,2/1/13,33,33
380,ronin,41609593,55000000,action,9/25/98,33,33
384,x2,214949694,125000000,action,5/2/03,33,31 and 2 mutants
385,colombiana,36665854,40000000,thriller/suspense,8/26/11,32,32
387,hannibal rising,27669725,50000000,thriller/suspense,2/9/07,32,"30 people, a fish and a bird"
388,max payne,40687294,35000000,action,10/17/08,32,32
392,butch cassidy and the sundance kid,102308900,6000000,western,10/24/69,31,"29, a snake and a horse"
393,con air,101087161,80000000,action,6/6/97,31,"30, a tank and a car"
394,divergent,150947895,85000000,adventure,3/21/14,31,31
397,halloween 3: season of the witch,14400000,2500000,horror,10/22/82,31,8 people and 23 robots
398,la confidential,64604977,35000000,drama,9/19/97,31,31
399,my bloody valentine,51545952,14000000,horror,1/16/09,31,31
401,tombstone,56505065,25000000,western,12/25/93,31,31
402,2 guns,75612460,61000000,action,8/2/13,30,"25, 3 chickens and 2 deer"
404,diary of the dead,952620,2750000,horror,2/15/08,30,30
406,green lantern,116601172,200000000,action,6/17/11,30,29 and Parallax
408,nightcrawler,32381218,8500000,thriller/suspense,10/31/14,30,30
410,resident evil,39532308,35000000,horror,3/15/02,30,"21, 8 dogs and 1 licker"
411,salt,118311368,130000000,thriller/suspense,7/23/10,30,30
413,the interview,6105175,44000000,comedy,2/6/14,30,29 and a tiger
417,mission: impossible iii,133501348,150000000,action,5/5/06,29,29
418,repo men,13794835,32000000,action,3/19/10,29,29
419,richard iii,2684904,9200000,drama,12/29/95,29,29
421,the mechanic,29121498,42500000,action,1/28/11,29,29
422,tron,26918576,17000000,action,7/9/82,29,"19 programs, 7 recognizers, 2 tanks and 1 master control program"
423,a view to a kill,49667091,30000000,action,5/24/85,29,29 and 4 bitches banged
425,lethal weapon,59932279,15000000,action,3/6/87,28,28
430,the missing,26900336,65000000,western,11/26/03,28,"25 people, a deer and 2 horses"
433,broken arrow,70640985,65000000,action,2/9/96,27,27
434,flushed away,64665672,149000000,comedy,11/3/06,27,3 flies and 2 bowls of maggots
436,safe house,126181630,85000000,thriller/suspense,2/10/12,27,27
437,star trek ii: the wrath of khan,78633541,12000000,adventure,6/4/82,27,25 and 2 earwigs
440,the dark knight,533345358,185000000,action,7/18/08,26,26
441,final destination 2,46896664,26000000,horror,1/31/03,26,26
442,ghost rider,115802596,120000000,action,2/16/07,26,"21, 4 demons and an iguana"
444,kick-ass 2,28795985,28000000,action,8/16/13,26,26
445,rise of the planet of the apes,176760185,93000000,adventure,8/5/11,26,"8 people, 15 chimps, 1 gorilla, 1 orangutan and a bug"
446,rob roy,31341940,28000000,drama,4/7/95,26,"14, a dog, 7 cows, 2 chickens and 2 sheep"
447,scott pilgrim vs the world,31524275,85000000,comedy,8/13/10,26,26
449,taken 2,139854287,45000000,thriller/suspense,10/5/12,26,26
450,the hunger games,408010692,80000000,thriller/suspense,3/23/12,26,"22, a bird, a lizard, 2 squirrels and a placemat"
452,your highness,21596445,50000000,comedy,4/8/11,26,"22 people, a pixie, a minotaur, mother witch and Leezar"
453,austin powers: international man of mystery,53868030,18000000,comedy,5/2/97,25,18 and 7 fembots
460,the a-team,77222099,110000000,action,6/11/10,25,25
463,die another day,160932247,142000000,action,11/22/02,24,24 and 2 bitches banged
464,domino,10169202,50000000,action,10/14/05,24,22 and 2 goldfish
466,quantum of solace,169368427,230000000,action,11/14/08,24,23 and a fly and 1 bitch banged
468,the incredibles,261441092,92000000,adventure,11/5/04,24,"17, 5 bugs and 2 Omnidroid robots"
471,crank,27838408,12000000,action,9/1/06,23,22 and a bird
472,dark shadows,79727149,150000000,black comedy,5/11/12,23,"21 people, a witch and a dog"
474,die hard,80639179,28000000,action,7/15/88,23,23
475,from russia with love,24800000,2000000,action,4/8/64,23,"22, 1 siamese fighting fish, and 2 bitches banged"
476,licence to kill,33197509,42000000,action,7/14/89,23,"20, a starfish, 2 sharks and 2 bitches banged"
477,the road to perdition,104054514,80000000,drama,7/12/02,23,23
479,the croods,187168425,135000000,adventure,10/1/12,23,"17, a ram bird egg, a land whale, a mammoth, a scorpion, a bird crocodile and a giant flying bug"
483,assault on precinct 13,20040895,30000000,action,1/19/05,22,22
485,casino,42388160,52000000,drama,11/22/95,22,22
488,elektra,24409722,65000000,action,1/14/05,22,22
491,friday the 13th part viii: jason takes manhattan,14343976,5000000,horror,7/28/89,22,22
495,the lion king,422780140,79300000,adventure,6/15/94,22,"19 bugs, a zebra, Mufasa and Scar"
496,lucky number slevin,22495466,27000000,thriller/suspense,4/7/06,22,"20 people, 1 horse, and 1 apartment"
499,public enemies,97104620,102500000,drama,7/1/09,22,22
500,run all night,26461644,50000000,action,3/13/15,22,22
501,tales from the crypt: demon knight,20943520,12000000,horror,1/13/95,22,12 and 10 demons
502,the equalizer,101530738,55000000,action,9/26/14,22,22
503,the living daylights,50096813,40000000,action,7/31/87,22,22 and 2 bitches banged
504,this means war,54760791,65000000,romantic comedy,2/17/12,22,22
505,three kings,60652036,48000000,action,10/1/99,22,21 and a cow
506,tomorrowland,93436322,170000000,adventure,5/22/15,22,"5 people, 16 AA units and 1 bird"
508,bad boys,65637842,23000000,action,4/7/95,21,21
509,coraline,75286229,60000000,adventure,2/6/09,21,"8 bugs, 2 rats, 1 cocoa beetle, 2 taffy sisters, 6 dog bats, 1 spider hand and 1 Other Dad"
511,halloween 5: the revenge of michael myers,11642254,6000000,horror,10/13/89,21,20 and a dog
513,the pineapple express,87341380,26000000,comedy,8/6/08,21,"19, a bug and a very large crop of marijuana"
514,planet of the apes,180011740,100000000,adventure,7/27/01,21,20 and 1 ape
517,scary movie 4,90710620,40000000,comedy,4/14/06,21,21
518,snatch,30093107,10000000,black comedy,12/8/00,21,21
527,halloween 4: the return of michael myers,16634499,5000000,horror,10/1/88,20,19 and a dog
528,ice age,176387405,65000000,adventure,3/15/02,20,"1, 18 dodos and 1 saber-toothed tiger"
529,the incredible hulk,134533885,137500000,adventure,6/13/08,20,20
532,on her majestys secret service,22800000,8000000,action,12/18/69,20,20 and 3 bitches banged
536,swat,116877597,70000000,action,8/8/03,20,20 and 0 motherfuckers
537,taken,145000989,25000000,thriller/suspense,1/30/09,20,20
539,the departed,132384315,90000000,drama,10/6/06,20,19 and a fly
540,the devils rejects,17044981,7000000,horror,7/22/05,20,20
541,the ice pirates,13075390,9000000,comedy,3/16/84,20,"10 humans, 1 frog lady and 9 robots"
544,true romance,12281000,12500000,thriller/suspense,9/10/93,20,20
547,the bourne legacy,113203870,125000000,thriller/suspense,8/10/12,19,"16 people, a wolf, a fox and an elk"
548,cabin fever,21158188,1500000,horror,9/12/03,19,"16 people, a pig, a dog and a deer"
553,friday the 13th part v: a new beginning,20674880,2200000,horror,3/22/85,19,19
554,hanna,40259119,30000000,drama,4/8/11,19,18 and a reindeer
556,men in black,250147615,90000000,adventure,7/1/97,19,"5 humans, 5 aliens, 5 roaches, 1 dragonfly and 3 flies"
557,night of the living dead,12000000,114000,horror,10/1/68,19,19
558,predators,52000688,40000000,action,7/9/10,19,"7 people, 4 predators, 1 bug, 6 horny alien dogs and 1 alien thing"
559,spaceballs,36725144,22700000,comedy,6/24/87,19,19
560,species,60000401,35000000,action,7/7/95,19,"14 people , 2 rats, 1 alien life form and 2 alien-human hybrids"
561,spider-man,403706375,139000000,adventure,5/3/02,19,19
562,super,324138,2500000,black comedy,4/1/11,19,19
563,the cold light of day,3763583,20000000,thriller/suspense,9/7/12,19,19
564,the godfather,134821952,7000000,drama,3/15/72,19,18 and a horse
566,the hurt locker,17017811,15000000,drama,6/26/09,19,18 and a fly
567,the purge,64473115,3000000,thriller/suspense,6/7/13,19,19
569,winters tale,12600231,60000000,drama,2/14/14,19,19
572,creepshow,20036244,8000000,horror,11/10/82,18,10 and 8 bugs
573,friday the 13th part vi: jason lives,17834917,3000000,horror,8/1/86,18,17 (including a 3-for-one decapitation) and 1 bug
577,jack reacher,80070736,60000000,drama,12/21/12,18,18
579,no country for old men,74273505,25000000,action,11/9/07,18,17 and a dog
580,prometheus,126477084,125000000,adventure,6/8/12,18,15 plus 2 space jockeys and a giant alien squid baby (aka the original facehugger)
584,taken 3,89256424,48000000,action,1/9/15,18,18
586,the jackal,54910560,60000000,thriller/suspense,11/14/97,18,18
590,aqua teen hunger force colon movie film for theaters,5520368,750000,comedy,4/13/07,17,"2 people, 2 cats, 9 chocolate unicorns, 1 fly, 1 Insanoflex, 1 caterpillar and Chicken Bittle"
592,beerfest,19185184,17500000,comedy,8/25/06,17,"4, a trophy, a deer, and a batch of monkey-frogs"
598,feast,56131,3200000,horror,9/22/06,17,"11 plus 3 monsters, 2 baby monsters and a monster cock"
599,forrest gump,330151138,55000000,drama,7/6/94,17,"13 plus Elvis, JFK, Bobby Kennedy, and John Lennon"
600,gosford park,41300105,18000000,comedy,12/26/01,17,1 person and 16 birds
601,hot fuzz,23618786,16000000,comedy,4/20/07,17,17
603,killer elite,25124986,70000000,action,9/23/11,17,17
604,the maze runner,102427862,34000000,thriller/suspense,9/19/14,17,14 and 3 Grievers
607,never say never again,55432841,36000000,action,10/7/83,17,17 and 4 bitches banged
608,pirates of the caribbean: the curse of the black pearl,305411224,125000000,adventure,7/9/03,17,17
611,red state,1065429,4000000,horror,3/5/11,17,17
612,scary movie,157019771,19000000,comedy,7/7/00,17,17
614,stardust,38373235,70000000,adventure,8/10/07,17,"8 plus 4 witches, 1 star, 1 ferret, 1 small alligator, 1 goat and 1 unicorn"
616,the descent,26024456,7000000,thriller/suspense,8/4/06,17,"7, plus 10 mutant-things"
618,the mechanic,29121498,42500000,action,1/28/11,17,17
619,midnight meat train,73548,15000000,thriller/suspense,8/1/08,17,17
621,transcendence,23022309,100000000,thriller/suspense,4/18/14,17,17
622,a million ways to die in the west,42720965,40000000,comedy,5/30/14,16,16
624,brooklyns finest,27163593,17000000,thriller/suspense,3/5/10,16,16
628,die hard: with a vengeance,99983259,90000000,action,5/19/95,16,16 plus 5 motherfuckers from Samuel L. Jackson
629,formula 51,5204007,27000000,action,10/18/02,16,"15 and 1 exploded Meatloaf, plus Samuel L. Jackson said motherfucker 5 times."
630,friday the 13th part vii: the new blood,19170001,2800000,horror,5/13/88,16,16
631,i am number four,55100437,50000000,adventure,2/18/11,16,"3 humans, 3 Loriens, 8 Mogadorians and 2 giant alien bat-dogs"
633,the lost world: jurassic park,229074524,75000000,action,5/22/97,16,"14 people, a dog and a Velociraptor"
636,red,90380162,60000000,action,10/15/10,16,16
637,red riding hood,37662162,42000000,thriller/suspense,3/11/11,16,"13 people, 1 werewolf, 1 wolf and 1 rabbit"
639,snitch,42930462,15000000,thriller/suspense,2/22/13,16,16
642,the international,25450527,50000000,thriller/suspense,2/13/09,16,16
643,the way of the gun,6047856,9000000,action,9/8/00,16,16
646,angels & demons,133375846,150000000,thriller/suspense,5/15/09,15,15
647,batman forever,183997904,100000000,action,6/16/95,15,15
648,collateral,100170152,60000000,action,8/6/04,15,15
652,gi jane,48154732,50000000,drama,8/22/97,15,15
654,house of 1000 corpses,12583510,7000000,horror,4/11/03,15,15
656,i know what you did last summer,72219395,17000000,horror,10/17/97,15,6 and 9 crabs
658,law abiding citizen,73357727,53000000,thriller/suspense,10/16/09,15,15
659,lock stock and two smoking barrels,3714067,1350000,black comedy,3/5/99,15,15
660,mercury rising,32940507,60000000,thriller/suspense,4/3/98,15,15
663,night of the living dead,5835247,4200000,horror,10/19/90,15,15
666,scary movie 3,110000082,45000000,comedy,10/24/03,15,12 and 3 aliens
670,things to do in denver when youre dead,529766,15000000,black comedy,12/1/95,15,15
672,creepshow 2,14000000,3500000,horror,5/1/87,14,13 and a duck
677,final destination 3,54098051,25000000,horror,2/10/06,14,11 plus 2 fried bitches and a pigeon
678,four brothers,74494381,30000000,drama,8/12/05,14,14
679,friday the 13th part iv: the final chapter,30393007,2600000,horror,4/13/84,14,14
680,get smart,130319208,80000000,comedy,6/20/08,14,13 and a robot fly
681,grosse pointe blank,28073151,15000000,black comedy,4/11/97,14,14
682,harry brown,1818681,7300000,thriller/suspense,4/30/10,14,14
683,hostel: part ii,17544812,7500000,horror,6/8/07,14,13 and a cockroach
684,how high,31155435,12000000,comedy,12/21/01,14,1 and 13 pigeons
685,jack ryan: shadow recruit,50577412,60000000,action,1/17/14,14,14
687,o brother where art thou?,45506619,26000000,comedy,12/22/00,14,"7 people, a chicken, 2 gophers, 2 cows, a toad and a dog"
689,repo! the genetic opera,140244,8500000,musical,11/7/08,14,14
691,seven psychopaths,15024049,13500000,comedy,10/12/12,14,14
695,texas chainsaw 3d,34341945,20000000,horror,1/4/13,14,14
697,the hateful eight,53688739,62000000,western,12/25/15,14,14 people and 2 motherfuckers
698,the lost boys,30331685,8500000,horror,7/31/87,14,9 humans and 5 vampires
701,true grit,171050328,35000000,western,12/22/10,14,11 and 3 horses
702,tucker & dale vs evil,223838,5000000,black comedy,9/30/11,14,14
703,appaloosa,20211394,20000000,western,9/19/08,13,11 and 2 horses
705,batman & robin,107308328,125000000,action,6/20/97,13,13
708,club dread,5001655,8500000,comedy,2/27/04,13,"3 before the credits, then 10 more. And 2 quotes."
709,confessions of a dangerous mind,16003576,29000000,drama,12/31/02,13,13
711,derailed,36020063,22000000,action,11/11/05,13,13
716,enemy of the state,111544445,85000000,action,11/20/98,13,13
717,fido,298110,8000000,horror,6/15/07,13,13
719,friday the 13th part 3,33985198,2250000,horror,8/13/82,13,12 and an unborn baby
720,a history of violence,31493782,32000000,drama,9/23/05,13,13
727,surrogates,38577772,80000000,action,9/25/09,13,13
728,terminator 2: judgment day,201858746,100000000,action,7/2/91,13,"10, 1 flying machine and 2 terminators"
729,the andromeda strain,12376563,6500000,thriller/suspense,1/1/71,13,"3 people, 6 birds, 3 rats and a monkey"
730,the french connection,41158757,2200000,drama,10/9/71,13,13
731,the life aquatic with steve zissou,24006726,50000000,comedy,12/10/04,13,"11, 1 research turtle and 1 rhinestone bluefin"
737,blood and chocolate,3526588,15000000,horror,1/26/07,12,12
741,darkness falls,32539681,7000000,horror,1/24/03,12,11 and an evil tooth fairy ghost bitch
744,edge of darkness,43313890,60000000,drama,1/29/10,12,12
748,halloween: the curse of michael myers,15106362,5000000,horror,9/29/95,12,12
749,hostel,47326473,4800000,horror,1/6/06,12,12
751,jesus son,1282084,2500000,drama,6/16/00,12,"5 plus 1 rabbit, 5 premature rabbits and 1 fetus"
754,kiss kiss bang bang,4235837,15000000,comedy,10/21/05,12,12
761,saw vi,27693292,11000000,horror,10/23/09,12,12
762,scream 4,38180928,40000000,horror,4/15/11,12,12
763,seed of chucky,17016190,29000000,horror,11/12/04,12,10 and 2 dolls
767,street kings,26415649,20000000,thriller/suspense,4/11/08,12,12
768,tarzan,171091819,145000000,adventure,6/16/99,12,"3 people, 1 gorilla, 1 gorilla baby, 1 leopard and 6 bugs"
772,the grand budapest hotel,59076019,31000000,comedy,3/7/14,12,11 and a cat
775,the watcher,28946615,33000000,thriller/suspense,9/8/00,12,12
776,there will be blood,40222514,25000000,drama,12/26/07,12,5 and 7 quail
779,a nightmare on elm street part 2: freddys revenge,21163999,3000000,horror,11/1/85,11,"4, plus 2 birds, 1 rat and 4 fish"
782,changeling,35739802,55000000,thriller/suspense,10/24/08,11,11
785,daredevil,102543518,80000000,action,2/14/03,11,10 and a fly
786,date movie,48548426,20000000,comedy,2/17/06,11,10 people and a rat
789,dr no,16067035,1000000,action,5/8/63,11,"10 and a huge fucking venomous spider, plus 3 bitches banged"
790,friday the 13th,39754601,550000,horror,5/9/80,11,10 and a snake
794,homefront,20158492,22000000,action,11/27/13,11,11
796,into the wild,18354356,20000000,drama,9/21/07,11,"1 person, 1 moose, 1 fish and 8 more random animals"
797,kill bill: volume 2,66207920,55000000,action,4/16/04,11,11
798,lara croft: tomb raider,131144183,94000000,adventure,6/15/01,11,11
799,layer cake,2338695,6500000,thriller/suspense,5/13/05,11,11
801,limitless,79249455,27000000,thriller/suspense,3/18/11,11,11
803,men in black 2,190418803,140000000,action,7/3/02,11,1 human and 10 aliens
806,once upon a time in america,5321508,30000000,drama,6/1/84,11,11
807,pet sematary,52795778,11500000,horror,4/21/89,11,"9, 1 cat and 1 mouse"
809,pride and glory,15740721,30000000,drama,10/24/08,11,11
818,the grudge,110175871,10000000,horror,10/22/04,11,10 and a cat
819,the killer inside me,217277,13000000,drama,6/18/10,11,11
820,the texas chainsaw massacre: the beginning,39517763,16000000,horror,10/6/06,11,10 and a cow
821,venom,881745,25000000,horror,9/16/05,11,11
822,across the universe,24343673,45000000,musical,9/14/07,10,"9 and Martin Luther King, Jr."
823,airplane!,83453539,3500000,comedy,7/4/80,10,10
826,bride of chucky,32368960,25000000,horror,10/16/98,10,"8 and 1 and 1/2 dolls. Also, one killer baby doll was spewed."
828,childs play,31605639,9000000,horror,11/9/88,10,5 and 5 rats
829,cop out,44875481,37000000,comedy,2/26/10,10,10
831,drive,35060689,15000000,action,9/16/11,10,10
834,fright night,18298649,30000000,horror,8/19/11,10,5 and 5 vampires
836,goodfellas,46261759,25000000,drama,9/19/90,10,10
838,halloween: resurrection,30259652,15000000,horror,7/12/02,10,10
839,hatchet,175281,1500000,horror,9/7/07,10,10
841,in time,37553932,35000000,thriller/suspense,10/28/11,10,10
842,jeepers creepers ii,35623801,25000000,horror,8/29/03,10,10
843,killers,47059963,75000000,action,6/4/10,10,10
845,let me in,12134935,20000000,thriller/suspense,10/1/10,10,10
846,mad max,8750000,200000,action,3/21/80,10,9 and a dog
852,quarantine,31691811,12000000,horror,10/10/08,10,"8 people, 1 dog and 1 rat"
853,redemption,36686,23000000,thriller/suspense,6/28/13,10,10
854,reindeer games,23360779,36000000,action,2/25/00,10,10
856,scream 2,101334374,24000000,horror,12/12/97,10,10
857,scream 3,89138076,40000000,horror,2/4/00,10,10
860,stay alive,23086480,20000000,horror,3/24/06,10,9 and a vampire
861,superman ii,101347629,54000000,adventure,6/19/81,10,9 and a snake
862,syriana,50824620,50000000,thriller/suspense,11/23/05,10,10
863,the craft,24703049,15000000,thriller/suspense,5/3/96,10,3 and 7 sharks
867,the switch,27758465,19000000,romantic comedy,8/20/10,10,A headful of lice
872,turistas,7027762,10000000,thriller/suspense,12/1/06,10,10
873,unknown,63686397,40000000,thriller/suspense,2/18/11,10,9 people and 2 taxis
874,whiteout,10275638,35000000,thriller/suspense,9/11/09,10,10
877,adaptation,22498520,18500000,comedy,12/6/02,9,6 and 3 dinosaurs
879,boogie nights,26384919,15000000,drama,10/10/97,9,9
880,the bourne identity,121468960,60000000,thriller/suspense,6/14/02,9,8 and a dog
881,the bourne supremacy,176087450,85000000,thriller/suspense,7/23/04,9,9
882,cast away,233632142,85000000,drama,12/22/00,9,"4 people, 2 crabs, 2 fish, and 1 volleyball (WILSON!!)"
886,friday the 13th part 2,21722776,1250000,horror,4/30/81,9,9
892,holes,67383924,20000000,drama,4/18/03,9,"7, a mule and 1 yellow spotted lizard"
893,hollow man,73209340,90000000,horror,8/4/00,9,"6 people, a rat, a fly and a dog"
895,hook,109921554,70000000,adventure,12/11/91,9,9 and a coconut
896,hostel: part ii,17544812,7500000,horror,6/8/07,9,9
899,jurassic park,395708305,63000000,action,6/11/93,9,"5 people, 2 dinosaurs, a goat and a bull"
903,mama,71628180,15000000,horror,1/18/13,9,"6 people, a baby and 2 moths"
904,mulholland drive,7219578,15000000,drama,10/8/01,9,9
905,my soul to take,14744435,25000000,horror,10/8/10,9,9
910,point break,43218387,24000000,action,7/12/91,9,9
911,rocknrolla,5700626,18000000,action,10/8/08,9,9
913,saw ii,87025093,5000000,horror,10/28/05,9,9
914,saw ii,87025093,5000000,horror,10/28/05,9,9
915,saw iv,63300095,10000000,horror,10/26/07,9,9
918,super 8,127004179,50000000,thriller/suspense,6/9/11,9,9
920,the american,35606376,20000000,thriller/suspense,9/1/10,9,9
921,the cave,14888028,30000000,horror,8/26/05,9,6 and 3 cave creatures
926,the hangover part ii,254464305,80000000,comedy,5/26/11,9,"4 people, 2 chickens, 2 dogs and a giraffe"
927,the imaginarium of doctor parnassus,7689607,30000000,adventure,12/25/09,9,"6, 2 flies and a chicken"
929,the raven,16008272,26000000,thriller/suspense,4/27/12,9,8 and a raven
934,who framed roger rabbit?,151931137,70000000,comedy,6/22/88,9,2 people and 7 toons
938,wristcutters: a love story,446165,1000000,comedy,10/19/07,9,9
940,2001: a space odyssey,56700000,10500000,adventure,4/2/68,8,"4 astronauts, 2 man-apes, 1 tapir and 1 sentient artificial intelligence "
942,albino alligator,326308,5000000,drama,1/17/97,8,8
943,alien,80930630,9000000,horror,5/25/79,8,"5, an android, an alien and a face hugger"
946,brick,2075743,450000,drama,3/31/06,8,7 and a fetus
951,childs play 2,25459435,13000000,horror,11/9/90,8,7 and a doll
955,cop land,44810734,15000000,drama,8/15/97,8,8
958,deadfall,66351,6000000,thriller/suspense,12/7/12,8,7 and a deer
964,from hell,31598308,35000000,thriller/suspense,10/19/01,8,8
967,harry potter and the chamber of secrets,261987880,100000000,adventure,11/15/02,8,"1 snake, 1 basilisk and some mandrake roots"
968,haywire,18942396,23000000,thriller/suspense,1/20/12,8,8
969,hollywood homicide,30207785,75000000,action,6/13/03,8,8
970,hulk,132177234,137000000,action,6/20/03,8,"4, a frog and 3 gamma infected dogs"
973,jaws,260000000,12000000,horror,6/20/75,8,"5, 2 sharks and a dog"
974,jaws 2,102922376,20000000,horror,6/16/78,8,7 people and 1 shark
976,jeepers creepers,37904175,10000000,horror,8/31/01,8,8
977,jurassic park iii,181166115,93000000,action,7/18/01,8,"6 people, a T-Rex and a Pterodactyl"
982,live and let die,35400000,7000000,action,6/27/73,8,"6, a snake, a crocodile, and 3 bitches banged"
983,mad max beyond thunderdome,36230219,10000000,action,7/10/85,8,7 and a horse
986,menace ii society,27731527,3500000,action,5/26/93,8,8
991,out of the furnace,11330849,22000000,drama,12/4/13,8, 7 and a deer
992,a perfect getaway,15515460,14000000,thriller/suspense,8/7/09,8,7 and a goat
994,ripd,33618855,130000000,action,7/19/13,8,8
996,seven pounds,69951824,54000000,drama,12/19/08,8,8
998,sleepers,53300852,44000000,drama,10/18/96,8,8
999,slow burn,1237615,15500000,thriller/suspense,4/13/07,8,7 and a fly
1000,splice,17010170,30000000,horror,6/4/10,8,"3 people, 1 Ginger, 1 Fred, 1 rabbit, 1 cat and 1 Dren"
1001,the beach,39778599,50000000,drama,2/11/00,8,8
1002,the box,15051977,25000000,thriller/suspense,11/6/09,8,8
1005,the counselor,16973715,25000000,thriller/suspense,10/25/13,8,8
1010,the order,7659747,35000000,thriller/suspense,9/5/03,8,8
1011,the texas chainsaw massacre,26572439,140000,horror,10/18/74,8,8
1012,the texas chainsaw massacre 2,8025872,4700000,horror,8/22/86,8,8
1013,the woman in black,54333290,15000000,thriller/suspense,2/3/12,8,8
1016,twelve monkeys,57097229,29000000,drama,12/27/95,8,7 and a spider
1018,undercover brother,38230435,25000000,comedy,5/31/02,8,8
1019,vampires suck,36661504,20000000,comedy,8/18/10,8,7 and a cat
1023,wrong turn,15417771,10000000,horror,5/30/03,8,8
1024,a nightmare on elm street 4: the dream master,49369899,13000000,horror,8/19/88,7,6 and a bug
1025,artificial intelligence: ai,78616689,90000000,drama,6/29/01,7,6 Robots and 1 human recreated by robots
1032,black christmas,16235738,9000000,horror,12/25/06,7,7
1034,blood work,26199517,50000000,thriller/suspense,8/9/02,7,7
1036,case 39,13261851,27000000,horror,10/1/10,7,6 and a demon child
1041,devil,33601190,10000000,horror,9/17/10,7,7
1043,dirty work,9975684,13000000,comedy,6/12/98,7,7
1044,drop dead gorgeous,10571408,10000000,comedy,7/23/99,7,"5, plus a trailer exploded and one girl lost her hearing"
1047,fargo,24547547,7000000,thriller/suspense,3/8/96,7,7
1055,hellraiser,13323420,1000000,horror,9/18/87,7,6 and 1 rat
1059,into the storm,47602194,50000000,thriller/suspense,8/8/14,7,7
1060,iron man 2,312128345,170000000,adventure,5/7/10,7,7
1061,joe dirt,27087695,16000000,comedy,4/11/01,7,"4, a dog, a duck and a fly"
1063,leaves of grass,70066,9000000,black comedy,4/2/10,7,6 and a catfish
1069,paranormal activity: the marked ones,32462372,5000000,horror,1/3/14,7,7
1076,prom night,43869350,18000000,horror,4/11/08,7,7
1077,pulp fiction,107886108,8000000,drama,10/14/94,7,"7, plus Sam Jackson racked up 27 motherfuckers and 1 motherfucker accessory"
1078,pulse,20264436,20500000,horror,8/11/06,7,6 and a plane
1082,sanctum,23209310,30000000,adventure,2/4/11,7,7
1083,saw,55968727,1200000,horror,10/29/04,7,6 and a foot
1084,scream,103001286,15000000,horror,12/20/96,7,7
1089,the conjuring,137400141,20000000,horror,7/19/13,7,1 dog and 6 birds
1091,the fugitive,172494360,44000000,thriller/suspense,8/6/93,7,7
1092,the glass house,17951431,22000000,thriller/suspense,9/14/01,7,7
1093,the green mile,136801374,60000000,drama,12/10/99,7,7
1096,the man with the golden gun,21000000,7000000,action,12/20/74,7,7 and 2 bitches banged
1098,the mask,119874149,18000000,comedy,7/29/94,7,7
1103,the wolf of wall street,116900694,100000000,black comedy,12/25/13,7,"5 people, a fish and a seagull"
1105,traffic,124107476,48000000,drama,12/27/00,7,7
1109,the unborn,42670410,16000000,horror,1/9/09,7,7
1112,a nightmare on elm street 3: dream warriors,44793222,5000000,horror,2/27/87,6,6
1117,armored,15988876,20000000,thriller/suspense,12/4/09,6,6
1118,austin powers: the spy who shagged me,205957794,35000000,comedy,6/10/99,6,5 and a fembot
1121,batman begins,205343774,150000000,action,6/15/05,6,6
1122,batman returns,162833635,80000000,action,6/18/92,6,5 and a cat
1125,bless the child,29374178,40000000,thriller/suspense,8/11/00,6,6
1130,capote,28750530,7000000,drama,9/30/05,6,6
1131,chernobyl diaries,18119640,1000000,horror,5/25/12,6,6
1134,cube,489220,250000,thriller/suspense,9/11/98,6,6
1140,disturbia,80106701,20000000,thriller/suspense,4/13/07,6,"4, 1 deer and 1 rabbit"
1141,donnie brasco,41954997,35000000,drama,2/28/97,6,6
1142,dont say a word,54997476,50000000,thriller/suspense,9/28/01,6,6
1146,the fantastic mr fox,21002919,40000000,adventure,11/13/09,6,"2 squabs, 3 chickens, 1 rat"
1148,flight,93772375,31000000,drama,11/2/12,6,6
1151,frozen,400738009,150000000,adventure,11/22/13,6,1 ship
1156,high tension,3681066,2850000,horror,6/10/05,6,5 and a dog
1158,i spit on your grave,93051,1750000,horror,10/8/10,6,6
1160,insurgent,130179072,110000000,action,3/20/15,6,6
1161,interstellar,188017894,165000000,adventure,11/5/14,6,6
1162,jumper,81168265,82500000,adventure,2/14/08,6,6 bodies and 0 motherfuckers
1164,lee daniels the butler,116632095,30000000,drama,8/16/13,6,6
1170,next day air,10027047,3000000,comedy,5/8/09,6,6
1171,oldboy,707391,3000000,thriller/suspense,3/25/05,6,5 and an octopus
1172,one for the money,26414527,42000000,comedy,1/27/12,6,6
1173,paycheck,53789313,60000000,thriller/suspense,12/25/03,6,6
1179,sherlock holmes,209028679,90000000,adventure,12/25/09,6,6
1180,stoker,1703125,12000000,drama,3/1/13,6,5 and a bird
1183,the conspirator,11538204,25000000,drama,4/15/11,6,6
1188,the last house on the left,32752215,15000000,horror,3/13/09,6,6
1189,the last house on the left,32752215,15000000,horror,3/13/09,6,6
1192,the messengers,35374833,16000000,horror,2/2/07,6,4 and 2 crows
1193,the notebook,81001787,30000000,drama,6/25/04,6,6
1194,the other guys,119219978,100000000,comedy,8/6/10,6,6
1197,the road,8114270,25000000,drama,11/25/09,6,6
1198,the square,406216,1900000,thriller/suspense,4/9/10,6,5 and a doggie
1199,the thirteenth floor,11810854,16000000,thriller/suspense,5/28/99,6,6 simulations
1200,the town,92186262,37000000,drama,9/17/10,6,6
1202,thinner,15171475,14000000,horror,10/25/96,6,6
1204,very bad things,9801782,10000000,black comedy,11/25/98,6,6
1205,water for elephants,58709717,38000000,drama,4/22/11,6,5 and a horse
1207,x-men,157299717,75000000,action,7/14/00,6,5 and a bird
1210,annabelle,84273813,6500000,horror,10/3/14,5,5
1214,boogeyman,46363118,20000000,horror,2/4/05,5,4 and a bird
1216,cat people,4000000,134000,drama,11/16/42,5,"3, a bunny, and a panther-person"
1218,cursed,19294901,35000000,horror,2/25/05,5,4 and a werewolf
1223,derailed,36020063,22000000,action,11/11/05,5,5
1226,drag me to hell,42100625,30000000,horror,5/29/09,5,4 and a kitten
1229,eye of the beholder,16500786,15000000,thriller/suspense,1/28/00,5,5
1230,first blood,47212904,14000000,action,10/22/82,5,"1 man, 3 dogs, 1 wild pig"
1235,gattaca,12339633,36000000,drama,10/24/97,5,2 and 3 zygotes
1241,house at the end of the street,31611916,6900000,horror,9/21/12,5,5
1242,in bruges,7800825,15000000,comedy,2/8/08,5,5
1243,in dreams,11927682,30000000,horror,1/15/99,5,5
1245,lake placid,31770413,27000000,thriller/suspense,7/16/99,5,"2, a bear, a cow and a giant crocodile"
1253,malevolence,126021,200000,horror,9/10/04,5,5
1255,mud,21590086,10000000,drama,4/26/13,5,5
1268,saw v,56746769,10800000,horror,10/24/08,5,5
1269,scary movie 2,71277420,45000000,comedy,7/4/01,5,5
1273,spider-man 2,373524485,200000000,adventure,6/30/04,5,4 and Doc Ock
1274,state of play,37017955,60000000,thriller/suspense,4/17/09,5,5
1276,the faculty,40064955,15000000,horror,12/25/98,5,"3 people, 1 rat and 1 parasite spitting alien queen"
1278,the heat,159581587,43000000,comedy,6/28/13,5,5
1279,the monuments men,78031620,70000000,drama,2/7/14,5,5
1280,the shining,44017374,19000000,horror,5/23/80,5,5
1282,the talented mr ripley,81292135,40000000,drama,12/24/99,5,4 and an unborn child
1283,the texas chainsaw massacre,80390022,9000000,horror,10/17/03,5,5
1284,the tourist,67631157,100000000,thriller/suspense,12/10/10,5,5
1286,the virgin suicides,4859475,6000000,black comedy,4/21/00,5,5
1288,trance,2322593,16000000,thriller/suspense,4/5/13,5,5
1290,twilight,15030732,20000000,drama,3/6/98,5,"2, a vampire and 2 deer"
1291,we need to talk about kevin,1738692,7000000,drama,12/9/11,5,4 and a guinea pig
1292,wes cravens new nightmare,17976855,8000000,horror,10/14/94,5,4 and Freddy again
1296,21 grams,16248701,20000000,drama,11/21/03,4,4
1297,22 jump street,191719337,50000000,comedy,6/13/14,4,4
1298,a nightmare on elm street,63075011,35000000,horror,4/30/10,4,4
1299,a nightmare on elm street,25504513,1800000,horror,11/9/84,4,4
1300,a nightmare on elm street: the dream child,22168359,6000000,horror,8/11/89,4,3 and a doll
1301,alice in wonderland,334191110,200000000,adventure,3/5/10,4,"1, a frog, a jub-jub bird and a jabberwocky"
1302,all good things,582024,20000000,drama,12/3/10,4,"2 people, a fetus and a dog"
1303,the amazing spider-man,262030663,220000000,adventure,7/3/12,4,"2 people, a mouse and a genetically enhanced spider"
1306,apollo 18,17686929,5000000,thriller/suspense,9/2/11,4,3 astronauts and a spider moon rock
1307,austin powers in goldmember,213117789,63000000,comedy,7/25/02,4,3 and a fembot
1312,the bourne ultimatum,227471070,130000000,thriller/suspense,8/3/07,4,4
1313,brokeback mountain,83043761,13900000,drama,12/9/05,4,"1, a moose, a coyote and a sheep"
1314,cape fear,79091969,35000000,thriller/suspense,11/15/91,4,3 and a dog
1319,cloudy with a chance of meatballs,124870275,100000000,comedy,9/18/09,4,1 and 3 gummie bears
1323,deuce bigalow: european gigolo,22264487,22000000,comedy,8/12/05,4,4
1325,eves bayou,14821531,5000000,drama,11/7/97,4,4 and 0 motherfuckers
1327,fantastic four,56117548,120000000,action,8/7/15,4,4
1330,gravity,274092705,110000000,thriller/suspense,10/4/13,4,4
1331,harry potter and the goblet of fire,290013036,150000000,adventure,11/18/05,4,3 and a bug
1332,harry potter and the prisoner of azkaban,249538952,130000000,adventure,6/4/04,4,2 birds and 2 bats
1336,how to lose friends & alienate people,2775593,28000000,comedy,10/3/08,4,1 dog and 3 goldfish
1339,ice age: the meltdown,195330621,75000000,adventure,3/31/06,4,"A turtle, 2 dinosaurs, and a dodo (bird)"
1340,inherent vice,8110975,20000000,drama,12/12/14,4,4
1341,jackie brown,39647595,12000000,drama,12/25/97,4,4 bodies and 38 motherfuckers from Samuel L. Jackson
1346,lemony snickets a series of unfortunate events,118627117,100000000,comedy,12/17/04,4,4
1348,man of the house,19118247,50000000,comedy,2/25/05,4,4
1349,the man who knew too little,13801755,20000000,comedy,11/14/97,4,4
1351,memento,25530884,5000000,drama,3/16/01,4,4
1352,milk,31841299,20000000,drama,11/26/08,4,4
1353,monster,34469210,5000000,drama,12/24/03,4,4
1354,nurse betty,25170054,24000000,black comedy,9/8/00,4,4
1355,oculus,27695246,5000000,horror,4/11/14,4,4
1356,orphan,41596251,20000000,drama,7/24/09,4,3 and a pigeon
1358,paul,37412945,40000000,comedy,3/18/11,4,"2, a bird and a dog"
1359,phone booth,46566212,11000000,thriller/suspense,4/4/03,4,4
1360,practical magic,46611204,60000000,comedy,10/16/98,4,4
1362,prisoners,61002302,46000000,thriller/suspense,9/20/13,4,4
1363,red dragon,92955420,78000000,thriller/suspense,10/4/02,4,4
1371,shrek the third,321012359,160000000,adventure,5/17/07,4,1 Frog King Dad-in-Law and 3 bugs
1373,sinister,48086903,3000000,thriller/suspense,10/12/12,4,3 and a scorpion
1374,slumdog millionaire,141319928,14000000,drama,11/12/08,4,4
1377,star trek v: the final frontier,50531965,30000000,action,6/9/89,4,3 and 1 god dude
1379,taxi driver,28262574,1000000,drama,2/8/76,4,4
1385,the exorcist,204868002,12000000,horror,12/26/73,4,4
1386,the five-year engagement,28700285,30000000,romantic comedy,4/27/12,4,4
1387,the fourth kind,26218170,10000000,thriller/suspense,11/6/09,4,4
1389,the girl with the dragon tattoo,102515793,90000000,thriller/suspense,12/20/11,4,3 and a cat
1392,the last exorcism,41034350,1800000,horror,8/27/10,4,3 and a kitty
1393,the last godfather,164247,13400000,comedy,4/1/11,4,4
1396,the passion of the christ,370782930,25000000,drama,2/25/04,4,3 and a snake
1398,the rite,33047633,37000000,horror,1/28/11,4,4
1399,the rocky horror picture show,140241017,1200000,musical,9/26/75,4,4
1400,the sixth sense,293506292,40000000,thriller/suspense,8/6/99,4,4
1403,the time travelers wife,63414846,39000000,drama,8/14/09,4,2 and 2 fetuses
1404,the wolfman,61979680,150000000,horror,2/12/10,4,2 and 2 wolfmen
1405,tropic thunder,110461307,90000000,comedy,8/13/08,4,"1, a bat, a panda and a Tivo"
1406,wag the dog,43022524,15000000,drama,12/25/97,4,4
1407,what dreams may come,55350897,80000000,drama,10/2/98,4,4
1409,winters bone,6531503,2000000,drama,6/11/10,4,4 squirrels
1410,wonderland,1060512,5500000,drama,10/3/03,4,4
1414,amadeus,51564280,18000000,drama,9/19/84,3,3
1415,american history x,6712241,10000000,drama,10/30/98,3,3
1416,apollo 13,172036360,65000000,drama,6/30/95,3,3
1418,basic,26599248,50000000,thriller/suspense,3/28/03,3,3
1422,bug,7006708,4000000,drama,5/25/07,3,3
1425,captain phillips,107136417,55000000,drama,10/11/13,3,3
1426,catwoman,40202379,100000000,action,7/23/04,3,3
1429,clay pigeons,1789892,8000000,thriller/suspense,9/25/98,3,3
1432,death to smoochy,8355815,50000000,black comedy,3/29/02,3,3
1433,deception,4598506,25000000,thriller/suspense,4/25/08,3,3
1436,dont be afraid of the dark,24046682,25000000,horror,8/26/11,3,1 and 2 evil ass fairies
1437,enchanted,127706877,85000000,romantic comedy,11/21/07,3,"1 cockroach, 1 bag of bird seed (which was stabbed with a sword), and 1 evil witch queen who was killed while in dragon form."
1438,event horizon,26668092,60000000,horror,8/15/97,3,3
1441,freedom writers,36605602,21000000,drama,1/5/07,3,3
1442,ghostbusters,242212467,30000000,comedy,6/8/84,3,1 Stay Puft Marshmallow Man and 2 gargoyle dogs
1444,happy gilmore,38602000,10000000,comedy,2/16/96,3,2 and an alligator
1445,harry potter and the sorcerer__s stone,317575550,125000000,adventure,11/16/01,3,2 and a unicorn
1447,if i stay,50474843,11000000,drama,8/22/14,3,3
1448,inception,292576195,160000000,thriller/suspense,7/16/10,3,3
1449,the iron giant,23159305,50000000,adventure,8/4/99,3,2 and a deer
1450,it follows,14674077,2000000,horror,3/13/15,3,2 people and 1 bug
1452,jaws 4: the revenge,15728335,23000000,horror,7/17/87,3,2 and a shark
1455,kickboxer,14533681,1500000,action,9/8/89,3,3
1456,killing them softly,14945541,15000000,thriller/suspense,11/30/12,3,3
1458,let__s be cops,82390774,17000000,comedy,8/13/14,3,3
1459,little shop of horrors,38747385,30000000,musical,12/19/86,3,"2 and a plant<br />(However, in the original ending that Frank Oz shot, the true body count would be 4 and no plant. Test audiences hated this ending "
1461,minority report,132024714,102000000,action,6/21/02,3,3
1463,money train,35305090,68000000,action,11/22/95,3,3
1464,never let me go,2419730,15000000,drama,9/15/10,3,3
1467,old school,75155000,24000000,comedy,2/21/03,3,3
1468,open water,30500882,500000,thriller/suspense,8/6/04,3,2 whiny assholes and one underwater camera eaten by a mako shark
1471,paranormal activity 2,84752907,3000000,horror,10/20/10,3,2 and 1 bird
1473,party monster,742898,5000000,comedy,8/29/03,3,3
1477,premonition,47852604,20000000,thriller/suspense,3/16/07,3,2 people and 1 crow
1483,seeking a friend for the end of the world,7078738,10000000,comedy,6/22/12,3,3
1484,a serious man,9228788,7000000,comedy,10/2/09,3,2 and a deer
1486,shrek 2,436471036,70000000,adventure,5/19/04,3,"1 mermaid, 1 dove and 1 fairy godmother"
1487,spider-man 3,336530303,258000000,adventure,5/4/07,3,2 and the Venom Symbiote
1488,starsky & hutch,88200225,60000000,comedy,3/5/04,3,"1, an iguana tail and a pony"
1489,stone,1810078,22000000,drama,10/8/10,3,2 and a fly
1491,strangers on a train,7000000,1200000,thriller/suspense,7/3/51,3,3
1492,the aviator,102608827,110000000,drama,12/17/04,3,3
1499,the ghost writer,15541549,45000000,thriller/suspense,2/19/10,3,3
1502,the help,169705587,25000000,drama,8/10/11,3,"1 person, 1 fetus and a chicken"
1503,the house of the devil,101215,1000000,horror,10/30/09,3,3
1506,the lazarus effect,25801570,5000000,horror,2/27/15,3,2 and a dog
1509,the men who stare at goats,32428195,24000000,black comedy,11/6/09,3,2 and a goat
1510,the number 23,35193167,32000000,thriller/suspense,2/23/07,3,3
1511,the outsiders,25584680,10000000,drama,3/25/83,3,3
1513,the roommate,37300107,16000000,thriller/suspense,2/4/11,3,2 and a kitten
1514,the secret life of bees,37770162,11000000,drama,10/17/08,3,2 and a cockroach
1516,the skeleton key,47806295,40000000,horror,8/12/05,3,3
1522,whats eating gilbert grape,9170214,11000000,drama,12/25/93,3,2 and a grasshopper
1525,wild things,29753944,20000000,thriller/suspense,3/20/98,3,3
1526,zodiac,33080084,85000000,thriller/suspense,3/2/07,3,3
1527,zoolander,45172250,28000000,comedy,9/28/01,3,"3 really, really ridiculously good-looking models "
1528,16 blocks,36883539,45000000,action,3/3/06,2,2
1530,ace ventura: pet detective,71602138,12000000,comedy,2/4/94,2,1 and a bug
1533,american dreamz,7156725,17000000,black comedy,4/21/06,2,2
1536,anchorman: the legend of ron burgundy,84136909,25000000,comedy,7/9/04,2,1 and a squirrel
1538,antitrust,10965209,30000000,thriller/suspense,1/12/01,2,2
1540,awake,14373825,8600000,thriller/suspense,11/30/07,2,2
1541,big trouble,7262288,45000000,comedy,4/5/02,2,1 person and 2 television sets
1544,bloodsport,11806119,1500000,action,2/26/88,2,2 bodies and Van Damme gave us 10 full horizontal splits
1548,broken city,19701164,35000000,thriller/suspense,1/18/13,2,2
1549,burn after reading,60355347,37000000,black comedy,9/12/08,2,2
1555,dear john,80014842,25000000,drama,2/5/10,2,2
1556,defendor,44462,3750000,drama,2/19/10,2,2
1557,deuce bigalow: male gigolo,65535067,18000000,comedy,12/10/99,2,1 rainbow fish and 1 chinese tailbar lionfish
1558,the dictator,59650222,65000000,comedy,5/16/12,2,2
1561,dream house,21302340,50000000,horror,9/30/11,2,2
1562,duets,4734235,16000000,drama,9/15/00,2,2
1563,dumb & dumber,127140750,16000000,comedy,12/16/94,2,1 and a bird
1564,edward scissorhands,53976987,20000000,comedy,12/7/90,2,2
1565,escape from tomorrow,171962,650000,drama,10/11/13,2,1 and an android
1566,ex machina,25440971,13000000,thriller/suspense,4/10/15,2,2
1567,existenz,2840417,20700000,thriller/suspense,4/23/99,2,2
1568,extract,10823158,7500000,comedy,9/4/09,2,1 and a testicle
1570,fantastic four: rise of the silver surfer,131921738,120000000,action,6/15/07,2,2
1572,3 men and a baby,164016972,15000000,comedy,11/25/87,2,2
1579,half baked,17278980,8000000,comedy,1/16/98,2,1 horse and 1 dog
1580,a haunted house,40041683,2500000,comedy,1/11/13,2,1 and a dog
1587,i think i love my wife,12550605,14000000,romantic comedy,3/16/07,2,2 policemen
1589,intolerable cruelty,35327628,60000000,romantic comedy,10/10/03,2,2
1596,killer joe,1291645,10000000,black comedy,7/27/12,2,2
1598,life as we know it,53374681,38000000,romantic comedy,10/8/10,2,2
1601,mean creek,603951,500000,drama,8/20/04,2,1 and a snail
1602,memoirs of a geisha,57010853,85000000,drama,12/9/05,2,2
1604,monster house,73661010,75000000,adventure,7/21/06,2,1 and a monster house (More people were eaten by the monster house but at the end they magically reappeared and we had to cross them off the list.)
1605,moonrise kingdom,45512466,16000000,drama,5/25/12,2,1 dog and 1 fish
1608,my own private idaho,6401336,2500000,black comedy,9/29/91,2,2
1609,my sisters keeper,49200230,27500000,drama,6/26/09,2,2
1610,national lampoon__s vacation,61399552,15000000,comedy,7/29/83,2,Aunt Edna and the dog
1611,national treasure,173005002,100000000,adventure,11/19/04,2,2
1613,network,23689877,3800000,drama,1/1/76,2,2
1615,novocaine,2025238,6000000,comedy,11/16/01,2,2
1617,office space,10824921,10000000,black comedy,2/19/99,2,1 and a fish
1618,one flew over the cuckoos nest,108981275,4400000,drama,11/19/75,2,2
1619,pain & gain,49875291,26000000,action,4/26/13,2,2
1620,panic room,95308367,48000000,thriller/suspense,3/29/02,2,2
1621,paranormal activity 3,104028807,5000000,horror,10/21/11,2,2
1622,paranormal activity 4,53900335,5000000,horror,10/19/12,2,2
1624,paranorman,56003051,60000000,comedy,8/17/12,2,1 and a fly
1626,primer,424760,7000,drama,10/8/04,2,2
1630,quest for camelot,22717758,40000000,adventure,5/15/98,2,2
1635,scrooged,59450353,32000000,comedy,11/23/88,2,2
1640,south park: bigger longer & uncut,52037603,21000000,comedy,6/30/99,2,"2. That's right, I said TWO. The 312 people, 2 bears, robot king and demon that died in the war DON'T COUNT!"
1641,southpaw,52421953,30000000,drama,7/24/15,2,2
1643,striptease,32758418,50000000,comedy,6/28/96,2,2
1644,sunshine cleaning,12062558,5000000,comedy,3/13/09,2,2
1646,superstar,30628981,14000000,comedy,10/8/99,2,2
1648,teeth,347578,2000000,comedy,1/18/08,2,2
1651,the call,51872378,12800000,thriller/suspense,3/15/13,2,2
1653,the emperors new groove,89296573,100000000,adventure,12/15/00,2,2 bugs
1655,the good girl,14018296,8000000,comedy,8/7/02,2,2
1656,the hudsucker proxy,2816518,40000000,comedy,3/11/94,2,2
1657,the judge,47119388,50000000,drama,10/10/14,2,2
1658,the last airbender,131601062,150000000,adventure,7/1/10,2,2
1659,the lincoln lawyer,58009200,40000000,thriller/suspense,3/18/11,2,1 and a dog
1661,the longest yard,158119460,82000000,comedy,5/27/05,2,1 and a Bentley
1662,the lovely bones,44028238,95000000,drama,12/11/09,2,2
1667,the return,501752,15000000,drama,2/6/04,2,2
1668,spongebob squarepants: the movie,85416609,30000000,adventure,11/19/04,2,2 fish
1669,the strangers,52597610,9000000,thriller/suspense,5/30/08,2,2
1673,the wizard of oz,33711566,2777000,musical,8/25/39,2,2
1674,the yards,882710,20000000,drama,10/20/00,2,2
1677,trainspotting,16501000,3100000,drama,7/19/96,2,1 and a baby
1679,two brothers,18947630,72000000,drama,6/25/04,2,2 tigers
1680,up,293004164,175000000,adventure,5/29/09,2,2
1682,veronica mars,3322127,6000000,drama,3/14/14,2,2
1685,what planet are you from?,6291602,50000000,comedy,3/3/00,2,2
1686,wild,37880356,15000000,drama,12/3/14,2,1 mom and 1 horse
1690,28 days,37035515,43000000,comedy,4/14/00,1,1
1693,a knight__s tale,56083966,41000000,adventure,5/11/01,1,1
1696,aladdin,208577270,28000000,comedy,11/11/92,1,1
1700,american beauty,130058047,15000000,drama,9/15/99,1,1
1702,american hustle,150117807,40000000,black comedy,12/13/13,1,1
1705,another happy day,9120,4000000,drama,11/18/11,1,1
1706,argo,136025503,44500000,thriller/suspense,10/12/12,1,1
1707,august: osage county,37738810,25000000,black comedy,12/25/13,1,1
1709,bad santa,60060328,18000000,black comedy,11/26/03,1,1
1710,bee movie,126631277,150000000,comedy,11/2/07,1,1 bug
1711,bernie,9204489,6000000,black comedy,4/27/12,1,1
1713,big fish,66432867,70000000,drama,12/10/03,1,1
1714,blended,46290741,45000000,romantic comedy,5/23/14,1,1 baby boar
1715,blue valentine,9737892,1000000,drama,12/29/10,1,1
1716,bridge to terabithia,82234139,25000000,drama,2/16/07,1,1
1718,bubble boy,5002310,13000000,comedy,8/24/01,1,1 cow
1720,bully,881824,2100000,drama,7/13/01,1,1
1721,buried,1044143,1987650,thriller/suspense,9/24/10,1,1
1724,chicken run,106793915,42000000,adventure,6/21/00,1,1 chicken
1726,chloe,3075255,13000000,thriller/suspense,3/26/10,1,1
1727,choke,2926565,3400000,comedy,9/26/08,1,1
1729,cinderella,201151353,95000000,drama,3/13/15,1,1
1730,cirque du freak: the vampires assistant,14046595,40000000,action,10/23/09,1,1
1731,clerks,2852326,27000,comedy,10/19/94,1,1
1741,dallas buyers club,27298285,5000000,drama,11/1/13,1,1
1743,dark water,25473093,60000000,thriller/suspense,7/8/05,1,1
1744,dead poets society,94326915,16400000,drama,6/2/89,1,1
1747,despicable me,251513985,69000000,comedy,7/9/10,1,1 bird
1751,the divine secrets of the ya-ya sisterhood,69586544,27000000,comedy,6/7/02,1,1
1752,do the right thing,24289231,6000000,comedy,6/30/89,1,1
1753,dodgeball: a true underdog story,114326736,30000000,comedy,6/18/04,1,1
1754,donnie darko,1270522,4500000,drama,10/26/01,1,1
1759,ed wood,5755976,18000000,comedy,9/30/94,1,1
1761,family plot,13200000,3000000,black comedy,4/9/76,1,1
1762,fast times at ridgemont high,27092880,4500000,comedy,8/13/82,1,1 fetus
1763,fear and loathing in las vegas,10562387,18500000,comedy,5/22/98,1,1 bat
1766,fight club,37030102,65000000,drama,10/15/99,1,1
1769,garden state,26782316,2500000,drama,7/28/04,1,1 hamster
1772,gone girl,167767189,61000000,thriller/suspense,10/3/14,1,1
1773,good night and good luck,31501218,7000000,drama,10/7/05,1,1
1774,gran torino,148095302,25000000,drama,12/12/08,1,1
1775,hancock,227946274,150000000,action,7/1/08,1,1
1777,hard candy,1024640,950000,horror,4/14/06,1,1
1778,harry potter and the order of the phoenix,292004738,150000000,adventure,7/11/07,1,1
1780,heavenly creatures,2932067,5000000,drama,11/16/94,1,1
1782,home fries,10443316,15000000,black comedy,11/25/98,1,1
1784,hope floats,60033780,30000000,drama,5/29/98,1,1
1785,horrible bosses,117538559,35000000,comedy,7/8/11,1,1
1791,igby goes down,4777465,9000000,comedy,9/13/02,1,1
1794,insidious,54009150,1500000,horror,4/1/11,1,1
1795,insidious chapter 2,83586447,5000000,horror,9/13/13,1,1
1797,jay and silent bob strike back,30059386,22000000,comedy,8/24/01,1,1
1798,jersey girl,25266129,35000000,comedy,3/26/04,1,1
1800,kinsey,10214647,11000000,drama,11/12/04,1,1
1804,lets go to prison,4630045,4000000,comedy,11/17/06,1,1
1806,lilo & stitch,145771527,80000000,adventure,6/21/02,1,1 alien cop
1809,little miss sunshine,59891098,8000000,comedy,7/26/06,1,1
1810,love happens,22965110,18000000,drama,9/18/09,1,1
1813,man on the moon,34580635,52000000,drama,12/22/99,1,1
1818,margin call,5353586,3400000,drama,10/21/11,1,1 dog
1820,me myself & irene,90570999,51000000,romantic comedy,6/23/00,1,1
1826,million dollar baby,100422786,30000000,drama,12/15/04,1,1
1829,moulin rouge,57386369,53000000,musical,5/18/01,1,1
1830,mr deeds,126203320,50000000,comedy,6/28/02,1,1
1831,muppets from space,16304786,24000000,comedy,7/14/99,1,1 cat
1833,my super ex-girlfriend,22530295,30000000,comedy,7/21/06,1,1 shark
1835,napoleon dynamite,44540956,400000,comedy,6/11/04,1,1 cow
1838,new years eve,54544638,26000000,romantic comedy,12/9/11,1,1
1840,night at the museum,250863268,110000000,comedy,12/22/06,1,1 caveman statue
1842,no reservations,43107979,28000000,romantic comedy,7/27/07,1,1
1846,oceans eleven,183417150,85000000,thriller/suspense,12/7/01,1,1
1849,one true thing,23209440,30000000,drama,9/18/98,1,1
1850,orange county,41059716,18000000,comedy,1/11/02,1,1
1852,paranormal activity,107918810,450000,horror,9/25/09,1,1
1857,phenomenon,104632573,32000000,drama,7/5/96,1,1
1858,philadelphia,76512063,26000000,drama,12/22/93,1,1
1859,pieces of april,2498144,300000,comedy,10/17/03,1,1 squirrel
1863,ps i love you,53695808,30000000,romantic comedy,12/21/07,1,1
1869,requiem for a dream,3635482,4500000,drama,10/6/00,1,1
1872,road trip,68525609,16000000,comedy,5/19/00,1,1
1876,running with scissors,6860000,12000000,comedy,10/20/06,1,1 cat
1877,saving silverman,19351569,22000000,comedy,2/9/01,1,1
1879,shakespeare in love,100241322,26000000,romantic comedy,12/11/98,1,1
1881,shutter island,128012934,80000000,thriller/suspense,2/19/10,1,1
1882,silent house,12739737,2000000,horror,3/9/12,1,1
1888,soul surfer,43853424,18000000,drama,4/8/11,1,1 shark
1891,sucker punch,36392502,75000000,action,3/25/11,1,1
1893,superman ii,101347629,54000000,adventure,6/19/81,1,1 self aware supercomputer
1894,superman iv: the quest for peace,11227824,17000000,action,7/24/87,1,Nuclear Man
1896,sweet home alabama,127214072,38000000,comedy,9/27/02,1,1 mosquito
1897,swimming pool,10105505,7800000,thriller/suspense,7/4/03,1,1
1900,tangled,200821936,260000000,adventure,11/24/10,1,1
1901,thank you for smoking,24793509,7500000,black comedy,3/17/06,1,1
1903,the best exotic marigold hotel,46383639,10000000,comedy,5/4/12,1,1
1904,the best exotic marigold hotel,46383639,10000000,comedy,5/4/12,1,1
1905,the big lebowski,17439163,15000000,comedy,3/6/98,1,1
1907,the blind side,255959475,35000000,drama,11/20/09,1,1
1908,the break-up,118703275,52000000,romantic comedy,6/2/06,1,1 relationship
1909,the butterfly effect,57924679,13000000,thriller/suspense,1/23/04,1,1 unborn child. Unless you watch the theatrical version and then it's ZERO.
1911,the chumscrubber,49526,6800000,drama,8/5/05,1,1
1913,the dead girl,19875,3300000,thriller/suspense,12/29/06,1,1
1914,the devil inside,53261944,1000000,horror,1/6/12,1,1
1916,the family stone,60062868,18000000,comedy,12/16/05,1,1
1919,the fast and the furious: tokyo drift,62514415,85000000,action,6/16/06,1,1
1920,the game,48265581,50000000,thriller/suspense,9/12/97,1,1
1922,the goods: live hard sell hard,15122676,10000000,comedy,8/14/09,1,1
1924,the horse whisperer,75370763,60000000,drama,5/15/98,1,1
1925,the invention of lying,18451251,18500000,comedy,10/2/09,1,1
1927,the lake house,52330111,40000000,drama,6/16/06,1,1
1932,the machinist,1082044,5000000,thriller/suspense,10/22/04,1,1
1935,the muppet movie,76657000,8000000,comedy,6/22/79,1,1 fly
1937,the odd life of timothy green,51853450,40000000,drama,8/15/12,1,1
1940,the perks of being a wallflower,17742948,13000000,drama,9/21/12,1,1
1941,the place beyond the pines,21403519,15000000,drama,3/29/13,1,1
1942,the puffy chair,194523,15000,comedy,6/2/06,1,1 puffy chair
1943,the quiet,381420,900000,drama,8/25/06,1,1
1946,the santa clause,144700007,22000000,comedy,11/11/94,1,1 Santa
1947,the sisterhood of night,6870,1000000,drama,4/10/15,1,1
1948,the sisterhood of the traveling pants,39008741,25000000,drama,6/1/05,1,1
1953,the wild,37384046,80000000,adventure,4/14/06,1,1 wildebeest
1958,tiny furniture,391674,50000,comedy,11/12/10,1,1 hamster
1961,trapped,6916869,30000000,thriller/suspense,9/20/02,1,1
1963,trees lounge,749741,1300000,drama,10/11/96,1,1 and 0 motherfuckers
1966,under the tuscan sun,43601508,18000000,comedy,9/26/03,1,1 scorpion and a washing machine
1967,up in the air,83823381,30000000,drama,12/4/09,1,1
1968,vanilla sky,100614858,70000000,thriller/suspense,12/14/01,1,1
1970,the weather man,12482775,20000000,drama,10/28/05,1,1
1971,were the millers,150394119,37000000,comedy,8/7/13,1,1 shark
1972,what to expect when youre expecting,41152203,37500000,romantic comedy,5/18/12,1,1 fetus
1973,whiplash,13092006,3300000,drama,10/10/14,1,1
1980,worlds greatest dad,221805,10000000,black comedy,8/21/09,1,1
1983,youth in revolt,15285588,18000000,comedy,1/8/10,1,1
1985,13 going on 30,57139723,30000000,comedy,4/23/04,0,0
1986,25th hour,13084595,4500000,drama,12/19/02,0,0
1989,a beautiful mind,170708996,78000000,drama,12/21/01,0,0
1990,a christmas story,20605209,3250000,comedy,11/18/83,0,0
1992,admission,18007317,13000000,romantic comedy,3/22/13,0,0
1998,bad words,7779614,10000000,comedy,3/14/14,0,0
2000,being john malkovich,22858926,13000000,black comedy,10/29/99,0,0
2002,black snake moan,9396870,15000000,drama,3/2/07,0,no one died but Samuel L. Jackson graced us with 5 motherfuckers and 1 motherfucking
2003,boyhood,25379975,4000000,drama,7/11/14,0,0
2008,compliance,319285,270000,drama,8/17/12,0,0
2009,crazy stupid love,84351197,50000000,comedy,7/29/11,0,0
2012,don jon,24477704,5500000,romantic comedy,9/27/13,0,0
2014,draft day,28842237,25000000,drama,4/11/14,0,0
2017,earth to echo,38934842,13000000,adventure,7/2/14,0,0
2018,edge of tomorrow,100206256,178000000,action,6/6/14,0,0
2019,eternal sunshine of the spotless mind,34366518,20000000,comedy,3/19/04,0,0
2022,focus,53862963,65000000,romantic comedy,2/27/15,0,0
2024,freaky friday,110222438,26000000,comedy,8/6/03,0,0
2026,gentlemen broncos,113682,9500000,comedy,10/30/09,0,0
2027,get hard,90411453,40000000,comedy,3/27/15,0,0
2033,good will hunting,138339411,10000000,drama,12/5/97,0,0
2035,hedwig and the angry inch,3067312,6000000,musical,7/20/01,0,0
2036,her,25568251,23000000,drama,12/18/13,0,0
2038,hit & run,13749300,22000000,comedy,8/22/12,0,0
2039,hitch,177784257,55000000,romantic comedy,2/11/05,0,0
2041,how the grinch stole christmas,260044825,123000000,comedy,11/17/00,0,0
2042,identity thief,134506920,35000000,comedy,2/8/13,0,0
2046,jeff who lives at home,4269426,10000000,comedy,3/16/12,0,0
2049,jumanji,100109938,65000000,adventure,12/15/95,0,0
2050,juno,143495265,7000000,comedy,12/5/07,0,0
2051,kill the messenger,2450846,5000000,thriller/suspense,10/10/14,0,0
2052,l!fe happens,30905,930000,comedy,4/13/12,0,0
2054,legally blonde,96493426,18000000,comedy,7/13/01,0,0
2056,lost in translation,44585453,4000000,drama,9/12/03,0,0
2057,mallrats,2028211,6100000,comedy,10/20/95,0,0
2058,mean girls,86047227,18000000,comedy,4/30/04,0,0
2059,meet the fockers,279167575,60000000,comedy,12/22/04,0,0
2060,meet the parents,166225040,55000000,comedy,10/6/00,0,0
2064,mirror mirror,64935167,85000000,adventure,3/30/12,0,0
2065,moneyball,75605492,50000000,drama,9/23/11,0,0
2066,movie 43,8840453,10000000,comedy,1/25/13,0,0
2069,mr popperss penguins,68224452,55000000,adventure,6/17/11,0,0
2070,mrs doubtfire,218692701,25000000,comedy,11/24/93,0,0
2071,my big fat greek wedding,241438208,5000000,romantic comedy,4/19/02,0,0
2073,neighbors,150086800,18000000,comedy,5/9/14,0,0
2074,next stop wonderland,3386698,1000000,romantic comedy,8/21/98,0,0
2076,now you see me,117723989,75000000,thriller/suspense,5/31/13,0,0
2077,observe and report,24007324,18000000,comedy,4/10/09,0,0
2079,one hour photo,31597131,12000000,drama,8/21/02,0,0
2080,people like us,12431792,16000000,drama,6/29/12,0,0
2082,pitch perfect,65001093,17000000,comedy,9/28/12,0,0
2083,police academy,81198894,4500000,comedy,3/23/84,0,0
2084,pootie tang,3293258,3500000,comedy,6/29/01,0,0
2087,rabbit hole,2229058,5000000,drama,12/17/10,0,0
2091,saved!,8886160,5000000,comedy,5/28/04,0,0
2096,showgirls,20170437,40000000,drama,9/22/95,0,0
2097,silver linings playbook,132092958,21000000,drama,11/16/12,0,0
2098,sleeper,18344729,2000000,comedy,12/17/73,0,0
2099,something borrowed,39046489,35000000,romantic comedy,5/6/11,0,0
2100,son of the mask,17018422,100000000,comedy,2/18/05,0,0
2101,source code,54712227,32000000,thriller/suspense,4/1/11,0,0
2102,stand by me,52287414,8000000,drama,8/8/86,0,0
2103,star trek iv: the voyage home,107109310,24000000,adventure,11/26/86,0,0
2107,tammy,84525432,20000000,comedy,7/2/14,0,0
2111,the beaver,970816,21000000,comedy,5/6/11,0,0
2113,the big wedding,21819348,32500000,romantic comedy,4/26/13,0,0
2117,the cable guy,60154431,47000000,comedy,6/14/96,0,0
2120,the guilt trip,37134215,40000000,comedy,12/19/12,0,0
2121,the holiday,63224849,85000000,romantic comedy,12/8/06,0,0
2124,the internship,44672764,58000000,comedy,6/7/13,0,0
2129,the newton boys,10297897,27000000,drama,3/27/98,0,0
2130,the other woman,83911193,40000000,comedy,4/25/14,0,0
2131,the others,96522687,17000000,horror,8/10/01,0,0
2132,the perfect host,48764,1000000,thriller/suspense,7/1/11,0,0
2135,the princess bride,30857000,15000000,adventure,9/25/87,0,0
2136,the pursuit of happyness,162586036,55000000,drama,12/15/06,0,0
2138,the secret life of walter mitty,58236838,91000000,comedy,12/25/13,0,0
2139,the truman show,125466701,60000000,drama,6/5/98,0,0
2143,the vow,125014030,30000000,drama,2/10/12,0,0
2145,this is where i leave you,34296320,20000000,comedy,9/19/14,0,0
2151,where the wild things are,77233467,100000000,adventure,10/16/09,0,0
2152,white chicks,69148997,20000000,comedy,6/23/04,0,0
2156,wont back down,5310554,19000000,drama,9/28/12,0,0
2157,young frankenstein,86300000,2800000,comedy,12/15/74,0,0