movieskey,moviename,deathcount,deathcomment
1470,$5 a day,1,1
1087,11-11-11: the prophecy,4,4
1088,111111,24,"22, a butterfly and a rat"
1671,12 angry men,0,0
1708,13 going on 30,0,0
917,16 blocks,2,2
1280,17 girls,1,1 fetus
189,187,6,"4 people, 1 rat and 1 dog. Samuel L. Jackson did not say motherfucker even once. Very disappointing."
2076,2 guns,30,"25, 3 chickens and 2 deer"
725,2001 maniacs,11,"8 people, an armadillo, a cat, and a mouse"
664,2001: a space odyssey,8,"4 astronauts, 2 man-apes, 1 tapir and 1 sentient artificial intelligence "
782,2012,5773515433,The population of Earth in 2012 except for Africa and three arks worth of people and animals that survived.
1915,21 grams,4,4
1829,22 jump street,4,4
1743,25th hour,0,0
252,28 days,1,1
392,28 days later,33,32 and a monkey
2116,28 hotel rooms,0,0
283,28 weeks later,10211,"10,211"
222,30 days of night,165,"146 people, 12 vampires and 7 dogs"
300,300,3977,"3,971 people, 1 battle rhinocerous, 3 elephants, 1 giant wolf and a big orc-looking dude"
923,3000 miles to graceland,48,47 and a coyote
1349,360,2,2
1817,4321,0,0
1582,48 hrs,8,8
1140,5050,1,1
965,68,9,9
1925,a beautiful mind,0,0
2069,a christmas story,0,0
796,a clockwork orange,3,2 and a snake
1982,a far off place,18,"11 people, 5 elephants, 1 leopard and 1 oryx"
2008,a good marriage,1,1
2156,a good old fashioned orgy,0,0
1778,a knights tale,1,1
1827,a million ways to die in the west,16,16
177,a nightmare on elm street ,4,4
662,a nightmare on elm street (2010),4,4
191,a nightmare on elm street 2: freddys revenge,11,"4, plus 2 birds, 1 rat and 4 fish"
197,a nightmare on elm street 3: dream warriors,6,6
206,a nightmare on elm street 4: the dream master,7,6 and a bug
227,a nightmare on elm street 5: the dream child,4,3 and a doll
260,a nightmare on elm street 6: freddys dead: the final nightmare,6,"4, a hamster, and Freddy"
2084,a perfect murder,3,3
1797,ace ventura: pet detective,2,1 and a bug
369,across the universe,10,"9 and Martin Luther King, Jr."
1427,acts of worship,1,1
1799,adaptation,9,6 and 3 dinosaurs
1680,admission,0,0
1928,adore,0,0
119,adrenalin: fear the rush,17,17
1093,adventures of baron munchausen,52,51 and a giant 3-headed mechanical bird
1704,after earth,51,"21, 20 monkeys, 7 giant bird babies, 1 cave rat (eaten by a flying snake!), 1 giant bird and 1 URSA"
1563,after fall winter,3,3
1007,afterlife,2,1 and a baby chick
297,ai artificial intelligence,7,6 Robots and 1 human recreated by robots
366,airplane!,10,10
1701,airport (1970),1,1
1626,aladdin,1,1
1319,albino alligator,8,8
546,alice in wonderland (2010),4,"1, a frog, a jub-jub bird and a jabberwocky"
397,alices restaurant,2,2
932,alien,8,"5, an android, an alien and a face hugger"
2071,alien abduction,174,174 crows
27,alien vs predator,2350,"26 humans, 6 predators, 85 face huggers, 2,233 aliens and 1 baby alien"
956,alien&sup3;,37,"30 plus 2 face huggers, an ox, an android, an alien, and an alien queen fetus"
998,alien: resurrection,52,"28 people, 22 face huggers, 12 aliens, 7 clones, 1 spider, 1 alien queen and 1 alien-human hybrid"
933,aliens,485,"169 humans, 156 aliens, 159 face huggers and one alien queen"
1114,aliens vs predator: requiem,142,"84 people, 4 unborn children, 24 aliens, 4 predators, 5 face huggers, 1 pralien and 20 baby praliens "
2066,all american christmas carol,0,0
1339,all good things,4,"2 people, a fetus and a dog"
1783,all the boys love mandy lane,8,7 and a bull
2018,almost mercy,21,20 and a bird
127,alpha dog,1,1
1532,alyce kills,6,6
354,amadeus,3,3
1600,amanda,0,0
544,amateur porn star killer,1,1
1027,amazing spider-man,4,"2 people, a mouse and a genetically enhanced spider"
655,amelie,1,1
1588,american beauty,1,1
616,american crime an american crime,1,1
316,american dreamz,2,2
1989,american heist,10,10
688,american history x,3,3
1490,american hustle,1,1
1616,american loser,0,0
2126,american mary,6,6
541,american pie presents: the book of love,2,1 and a squirrel
1466,american zombie,2,2
1807,amityville 3-d,4,4
1268,amityville haunting,12,12
257,amityville horror (1979),6,6
29,amityville horror (2005),7,6 and a dog
1187,amityville ii: the possession,5,5
1556,amityville: a new generation,5,5
1247,an american werewolf in london,14,12 and 2 werewolves
2007,an american werewolf in paris,34,"26 people, 7 werewolves and 1 dog"
1903,anatomy of a love seen,0,0
239,anchorman: the legend of ron burgundy,2,1 and a squirrel
2061,and baby will fall,1,1 dog
16,andre the butcher,15,15
558,angels & demons,15,15
608,angels of the universe,2,2
1881,animal house,1,1 horse and a guitar
1415,animal room,4,3 and a bunny
2137,annabelle,5,5
1825,another happy day,1,1
203,antibodies,7,"4, 2 dogs and a porcupine"
416,antitrust,2,2
135,apocalypto,66,"59 people, 1 tapir, 3 ants, 1 jaguar, 1 monkey and 1 snake"
1717,apollo 13,3,3
1467,apollo 18,4,3 astronauts and a spider moon rock
480,appaloosa,13,11 and 2 horses
595,april fools,2,2
1252,aqua teen hunger force colon movie film for theaters,17,"2 people, 2 cats, 9 chocolate unicorns, 1 fly, 1 Insanoflex, 1 caterpillar and Chicken Bittle"
28,are you scared?,7,7
1411,argo,1,1
1422,armageddon,434119870,"2,405,324 people and 431,714,546 dinosaurs"
832,armored,6,6
389,army of darkness,77,77
156,art school confidential,153,3 and an apartment building
878,as good as dead,13,12 and a dog
1424,assault of the sasquatch,16,"14, a bear and a dog"
1551,assault on precinct 13 (2005),22,22
1727,assault on wall street,37,37
380,asylum,7,7
1793,atm,5,5
1667,august: osage county,1,1
1920,austin powers in goldmember,4,3 and a fembot
1899,austin powers: international man of mystery,25,18 and 7 fembots
1919,austin powers: the spy who shagged me,6,5 and a fembot
665,australia,313,"298, 10 cows, 1 horse, 2 flies, 1 kangaroo and a dog"
671,avatar,181,"69 humans, 74 Nav'i, 4 hairless tar dogs, 1 blue deer-thing, 2 avatars, 17 6-legged blue horses, 13 banshees and 1 giant panther dragon."
245,awake,2,2
1180,bachelor party in the bungalow of the damned,6,"2 people, 3 awful vampire chicks and 1 crappy male vampire"
703,backdraft,6,6
1242,bad ass,4,4
302,bad biology,5,4 plus one large mutant penis
1223,bad boys,21,21
421,bad dreams,37,37
1323,bad girl island,4,4
1317,bad kids go to hell,7,6 and a bug
1549,bad lieutenant,1,1
58,bad santa,1,1
73,bad taste,66,"60, plus 5 seagulls and 1 sheep"
2040,bad words,0,0
957,bag of bones,12,11 and an unborn child
288,bambi,3,"1 deer, 2 pheasants"
685,bangkok dangerous,44,43 and a scorpion
1259,barb wire,31,31
1089,barbarella,40,19 and 21 leathermen
1640,barry munday,0,0
750,baseketball,17,"5 people, 2 chickens, 1 skunk, 3 raccoons, 1 dog, 1 kangaroo and 4 other animals that died too fast to identify."
432,basic,3,3
1068,batman,54,54
1125,batman & robin,13,13
339,batman begins,6,6
1078,batman forever,15,15
1071,batman returns,6,5 and a cat
418,batman: the movie,11,"5, a shark, an octopus and 4 noble porpoises"
181,bats,10264,"28 people and 10,236 bats"
2095,battle for the planet of the apes,35,12 humans and 23 apes
292,battle royale,43,43
226,bee movie,1,1 bug
106,beerfest,17,"4, a trophy, a deer, and a batch of monkey-frogs"
1271,before the devil knows youre dead,6,6
714,behind enemy lines,43,43
1859,being john malkovich,0,0
1449,belly,20,20
1243,beneath the dark,4,4
2045,beneath the planet of the apes (1970),17,"10 humans, 1 horse and 6 apes"
1753,bernie,1,1
1787,better living through chemistry,1,1
1707,beyond the time barrier,27,25 and 2 mutants
32,beyond the wall of sleep,17,"15, 1 fly and 1 monster"
1662,big fish,1,1
1356,big money rustlas,10,9 and a bird
167,big nothing,5,5
560,big trouble,2,1 person and 2 television sets
344,big trouble in little china,36,"35 and a thing they called a guardian but which I think looks like a beholder. Not a behemoth, which is what I said the first time. Wrong b word."
157,biker boyz,2,2
1432,bikini girls on ice,12,11 and a dog
379,billy madison,6,6
1152,birdemic: shock and terror,45,"14 people, 30 birds and 1 fish"
1776,birdman,0,0
1270,bitten,7,"4 people, 2 vampires and a cat"
113,black christmas,7,7
482,black dynamite,46,46
1816,black rock,4,4
410,black snake moan,0,no one died but Samuel L. Jackson graced us with 5 motherfuckers and 1 motherfucking
1801,black sunday (1960) aka the mask of satan,9,"6, 1 bat and 2 dogs"
1302,black water,7,"3 people, 1 fetus, 2 bugs and a crocodile"
720,blackmail,2,2
231,blade,69,"22 humans, 46 vampires and a plant"
1264,blade ii,239,"34 people, 23 vampires, 86 reapers and 96 reaper fetuses"
1265,blade: trinity,254,"195 people, 55 vampires, 3 vampire dogs and Dracula"
2014,blended,1,1 baby boar
1198,bless the child,6,6
1201,blessed,6,5 and a fetus
974,blood & donuts,6,"2 people, 2 rats, 1 pigeon and 1 vampire"
143,blood and chocolate,12,12
295,blood diamond,93,92 and a baboon
430,blood diner,69,69
333,blood gnome,33,26 plus A-MAN-da and 6 blood gnomes
1230,blood guts bullets and octane,13,13
1370,blood slaughter massacre,42,42
481,blood work,7,7
1236,bloodsport,2,2 bodies and Van Damme gave us 10 full horizontal splits
864,bloodsucking freaks,13,13
1124,bloody birthday,8,8
273,bloody mallory,30,"8, 17 ghouls, a demon, a succubus, a black cat, a rat and a vampire"
1208,blubberella,31,23 people and 8 vampires
928,blue valentine,1,1
1533,boarding gate,3,3
1478,body count,7,7
842,boogeyman,5,4 and a bird
1049,boogie nights,9,9
979,boogie woogie,2,2
247,borat: cultural learnings of america for make benefit glorious nation of kazakhstan,2,1 person and 1 bear
1106,borderland,12,11 and a goat
1457,bourne identity,9,8 and a dog
1200,bourne legacy,19,"16 people, a wolf, a fox and an elk"
1460,bourne supremacy,9,9
1477,bourne ultimatum,4,4
1911,boyhood,0,0
819,bram stokers dracula,103,"95, 1 worm, 1 baby, 1 horse, and 5 vampires"
1366,branded,3,2 people and a red cow
1000,braveheart,21338,"20,176 men and 1,162 horses"
1819,breaking the girls,2,2
906,brick,8,7 and a fetus
24,bride of chucky,10,"8 and 1 and 1/2 dolls. Also, one killer baby doll was spewed."
325,bridge to terabithia,1,1
1946,bring me the head of the machine gun woman,20,20
1714,bringing up bobby,0,0
962,brokeback mountain,4,"1, a moose, a coyote and a sheep"
598,broken arrow,27,27
1502,broken city,2,2
1169,bronx tale,6,6
704,brooklyns finest,16,16
2031,brotherhood (2010),1,1
607,brotherhood of blood,16,16
1391,brotherhood of murder,3,3
442,brotherhood of the wolf,68,"42 people, 23 wolves, 2 dogs and a beast"
448,bubble boy,1,1 cow
668,bucket of blood a bucket of blood,5,4 and a cat
1412,budz house,1,1
867,bug,3,3
1642,bullet to the head,33,33
871,bully,1,1
983,bunraku,170,170
1032,buried,1,1
1513,burke & hare,22,18 and 4 horses
422,burn after reading,2,2
1077,burning palms,3,2 and a possum
949,butch cassidy and the sundance kid,31,"29, a snake and a horse"
1216,butchered,11,10 and a dog
1326,butter (2011),2,2
1820,byzantium,12,10 and 2 vampires
1290,cabin fever,19,"16 people, a pig, a dog and a deer"
1474,cadaver christmas a cadaver christmas,24,23 zombies and Sam the ex-cop
1051,caged heat,8,8
2009,cake,0,0
1672,camille,3,2 and a blue horse
1094,camp hell,1,1 bug
808,canadian bacon,2,2
459,candy,2,1 and a fetus
788,candyman,6,5 and a dog
1500,cannibal holocaust,17,"10 natives, 1 soldier, 3 bugs, 2 fish and a muskrat"
104,cannibal! the musical,8,"6 people, 1 snowman and 1 horse"
1039,cape fear,4,3 and a dog
856,capote,6,6
1295,captain america: the first avenger,105,105
1808,captain phillips,3,3
1002,carolina,1,1
1472,carrie,135,134 and a pig
351,carrie (2002),236,235 and a pig
1738,carrie (2013),17,16 and a pig
815,case 39,7,6 and a demon child
621,casino,22,22
601,casino royale (1967),217,"207 plus a goat, a robot, 2 seals, 4 horses and 2 grouse."
524,casino royale (2006),22,22 and 1 bitch banged
246,cast away,9,"4 people, 2 crabs, 2 fish, and 1 volleyball (WILSON!!)"
872,casualties of war,19,19
1241,cat people,5,"3, a bunny, and a panther-person"
1294,catwoman,3,3
1841,changeling,11,11
1189,charade,4,4
525,cheers for miss bishop,4,4
1770,chef,0,0
1483,chernobyl diaries,6,6
1119,cherry bomb,11,11
2118,chicken run,1,1 chicken
1009,children,1,1 cat
81,children of men,15043,"39, a dog, 3 crispy cows and a refugee camp"
1177,children of the corn,23,22 and a dog
1695,children of the corn (2009),10,9 and a pig
1692,children of the corn 666: isaacs return,8,7 and a bug
1688,children of the corn ii: the final sacrifice,29,28 and a cat
1689,children of the corn iii: urban harvest,20,"18, a bug and a corn monster"
1690,children of the corn iv: the gathering,8,7 and a cricket
1691,children of the corn v: fields of terror,18,18 and a fire monster
1694,children of the corn: genesis,3,3
1693,children of the corn: revelation,19,19
21,childs play,10,5 and 5 rats
22,childs play 2,8,7 and a doll
23,childs play 3,8,7 and a doll
732,chloe,1,1
1458,choke,1,1
1851,choking hazard,9,6 people and 3 zombies
1572,choose,6,6
894,christmas evil you better watch out,4,4
1178,chrystal,3,2 and a dog
761,chuck & buck,1,1
280,cinderella,1,1
1612,cinema verite,0,0
2042,circle,50,49 and a fetus
1031,cirque du freak: the vampires assistant,1,1
2080,citizen toxie: the toxic avenger iv,2699,2698 and an unborn baby
1809,city of god,43,43
570,clash of the titans (1981),75,"69 plus 3 giant scorpions, 1 two-headed dog, Medusa and the Kraken"
571,clash of the titans (2010),1291,"1,281 plus 1 fish, 2 giant scorpions, 4 furies, Medusa, a djinn, and the kraken"
687,clay pigeons,3,3
675,clerks,1,1
1553,clockers,4,4
1854,cloud atlas,169,168 and a dog
699,cloudy with a chance of meatballs,4,1 and 3 gummie bears
34,club dread,13,"3 before the credits, then 10 more. And 2 quotes."
1437,clue,7,7
1834,cocktail,1,1
1567,code 46,2,1 and a fetus
1944,coldwater,8,8
1237,collateral,15,15
971,colombiana,32,32
1822,columbus circle,5,5
873,comic book villains,4,4
578,commando,86,86
1609,compliance,0,0
1940,compulsion,1,1 bird
652,con air,31,"30, a tank and a car"
1107,conan the barbarian,76,"71 people, 3 horses, 1 buzzard and a giant snake"
1131,confess,1,1
1417,confessions of a dangerous mind,13,13
2094,conquest of the planet of the apes,43,15 humans and 28 apes
1105,constantine,283,"5 people, 15 demons, 51 half breeds, 127 cows and 85 bugs"
1042,contagion,26000087,"Over 26 million people, 56 monkeys and one pig"
836,contract killers,8,8
1377,cool and the crazy,1,1
477,cool hand luke,6,"2, a bird, a snake, a dog and a turtle"
1376,cool world,1,1
1174,cop land,8,8
820,cop out,10,10
905,coraline,21,"8 bugs, 2 rats, 1 cocoa beetle, 2 taffy sisters, 6 dog bats, 1 spider hand and 1 Other Dad"
1786,cowboys & aliens,130,"35 people, 11 horses, 44 cows and 40 aliens"
2086,cracks,1,1
984,crank,23,22 and a bird
497,crank 2: high voltage,41,41
1452,crazy eyes,1,1
2077,crazy stupid love,0,0
1999,creature (2011),12,"9 people, 1 white alligator, 1 snake and Lockjaw"
2025,creep (2014),1,1
1066,creepshow,18,10 and 8 bugs
1086,creepshow 2,14,13 and a duck
237,critters,14,"1 bottle of whiskey, 1 cow, 1 chicken, 1 goldfish, 2 people, and 8 critters"
384,critters 2: the main course,1274,"7 people, 1 bug, 1 dog, 3 cows, 1 space thing, 1261 critters and 1 alien bounty hunter"
385,critters 3: you are what they eat,8,2 and 6 critters
403,critters 4,26,"7, 6 eggs and 13 critters"
781,cruel world,11,10 and a cow
377,crush,1,1
680,cube,6,6
253,cube 2,15,15
1348,cult of the damned,2,2
2143,cursed,5,4 and a werewolf
2149,curve,5,4 and a rat
593,cut,15,15
293,cutting class,8,7 and a fly
487,cyborg,34,"34, all human, including a toddler"
1823,cypher,16,16
1725,dallas buyers club,1,1
588,dance of the dead,85,85
2038,dances with wolves,103,"52 people, 2 dogs, 41 buffalo, 7 horses and a wolf"
409,dangerous intentions,1,1
810,dangerous love,5,5
684,danika,3,3
1285,daredevil,11,10 and a fly
1314,dark house,20,20
352,dark knight,26,26
1660,dark nature,13,"9, a pheasant and 3 rabbits"
1803,dark planet,17,17
1354,dark shadows,23,"21 people, a witch and a dog"
1887,dark skies,550,3 flocks of birds
96,dark town,25,"14 people, 9 vampires, 1 baby and 1 cat"
111,dark water,1,1
1012,darkness falls,12,11 and an evil tooth fairy ghost bitch
249,date movie,11,10 people and a rat
1303,day after tomorrow,2500500000,Most of the Northern Hemisphere
724,day of the dead (2008),118,117 and one zombie boyfriend
1172,daydream nation,4,4
783,dead air,160004,4 plus tens of thousands of people in sixteen major US cities.
47,dead alive,41,"37, 1 rat monkey, 1 monkey, 1 dog and 1 rat"
262,dead and deader,62,"52, 9 scorpions, and Dean Cain's career"
363,dead end,6,6
308,dead fury,14,13 and a squirrel
224,dead in the water,3,3
1884,dead in tombstone,43,43
539,dead men dont wear plaid,5,5
1724,dead poets society,1,1
103,dead silence,7,6 and 1 unborn child
661,dead snow,46,"10, a crow, and 35 zombie Nazis"
2125,deadfall,8,7 and a deer
1244,deadfall trail,8,"2 people, a beetle, 2 mealworms, 2 rabbits and an unknown bug"
1373,deadheads,32,18 people and 14 zombies
955,deadly detour,23,22 and a fetus 
869,dear john,2,2
2016,dear white people,0,0
314,death bed: the bed that eats,19,"16, a fly, 2 hands and 1 bed"
461,death note,25,25
1299,death of the incredible hulk,5,4 and the Incredible Hulk
1408,death proof grindhouse,6,6
1359,death racers,46,45 and Metal Man 
405,death to smoochy,3,3
3,death to the supermodels,7,7
15,death tunnel,7,7
880,death wish,11,11
1092,death wish 2,16,16
1096,death wish 3,77,75 and 2 roaches
1202,death wish 4: the crackdown,43,43
485,deception,3,3
109,deep evil,19,7 and 12 aliens
1932,deep rising,4207,"4,206 and one real unfriendly sea monster"
1713,deepstar six,10,9 people and 1 giant ugly sea creature
407,defending your life,1,1
741,defendor,2,2
1436,delhi belly,6,6
408,deliverance,4,3 and a fish
165,derailed,5,5
1450,derailed,13,13
367,deranged,5,5
1132,descendants,1,1
1633,desert hearts,0,0
375,desperado,51,51
654,despicable me,1,1 bird
1353,detention,9,9
406,deuce bigalow: european gigolo,4,4
803,deuce bigalow: male gigolo,2,1 rainbow fish and 1 chinese tailbar lionfish
648,devil,7,7
860,devil in the flesh,6,5 and 1 dog
1811,devil seed,3,3
2131,devils knot,3,3
108,devour,12,"1 cougar, 10 people and 1 deer"
690,dial m for murder,1,1
438,diamonds are forever,66,66 and only 1 bitch banged
429,diary of the dead,30,30
1697,dick tracy (1990),29,29
1902,dictator the dictator,2,2
1658,die,6,6
520,die another day,24,24 and 2 bitches banged
709,die hard,23,23
710,die hard 2,265,265
791,die hard: with a vengeance,16,16 plus 5 motherfuckers from Samuel L. Jackson
1210,die you zombie bastards!,35,"6 people, 14 zombies, 3 ninjas, 3 robots, 2 disobedient dogmen, 3 mosquito warlords, 1 fly, amphibian guy, Nefarious and Vlad the Impaler"
785,die! die! my darling!,2,2
1481,diggers,1,1
287,dirty dancing,1,1 fetus
1075,dirty harry,7,7 bodies and 4 reasons he's called Dirty Harry (1. He hates everyone.  2. He's a peeping tom.  3. He gets all the dirty jobs that no one else wants.  4. He always gets the shit end of the stick.)
202,dirty work,7,7
531,district 9,95,"48, a little alien dog, and 46 alien eggs"
193,disturbia,6,"4, 1 deer and 1 rabbit"
1742,divergent,31,31
358,divine secrets of the ya-ya sisterhood,1,1
1554,django unchained,56,"52 people, 4 horses and 5 motherfuckers"
1445,do the right thing,1,1
1316,dodgeball: a true underdog story,1,1
733,dogma,67,"57, 5 demons and 5 gang members"
242,dolores claiborne,2,2
134,domino,24,22 and 2 goldfish
1730,don jon,0,0
399,donnie brasco,6,6
579,donnie darko,1,1
370,dont be a menace to south central while drinking your juice in the hood,11,11
1469,dont be afraid of the dark,3,1 and 2 evil ass fairies
2122,dont blink,1,1
1091,dont go in the woods,13,13
2103,dont say a word,6,6
1552,dont tell mom the babysitters dead,1,1
1193,dorian gray,5,4 and 1 maggot
1405,down to the bone,1,1 mouse
425,dr no,11,"10 and a huge fucking venomous spider, plus 3 bitches banged"
2140,dr t & the women,0,0
804,dracula (1931),13,13 (including Dracula)
1790,draft day,0,0
446,drag me to hell,5,4 and a kitten
1004,dread,4,4
1644,dream a little dream,0,0
1943,dream house,2,2
1795,dreamcatcher,108,"14 people, 1 dog, 1 deer, 29 giant alien ass penis monsters, 3 alien ass worms, 19 alien ass worm babies, 40 alien ass worm eggs and 1 Duddits"
929,dreamscape,5,5
1401,dredd,87,87
989,drive,10,10
887,drive angry,67,67
591,drive thru,14,14
68,drop dead gorgeous,7,"5, plus a trailer exploded and one girl lost her hearing"
1052,drugstore cowboy,1,1
331,duets,2,2
1103,dumb and dumber,2,1 and a bird
715,dune,270,268 and 2 sandworms
2039,duress,5,4 and a bird
1054,dust ,62,"58, 2 sheep, a stillborn baby and an unborn baby"
1874,dysfunctional friends,0,0
419,eagle eye,61,61
1889,earth to echo,0,0
371,earth vs the spider,13,12 and one mutant man-spider
948,easter bunny kill! kill!,8,8
361,eating raoul,12,12
1360,ed and his dead mother,22,2 people and 20 bugs
26,ed gein,8,"6, a pig and a rat"
568,ed wood,1,1
875,edge of darkness,12,12
1217,edge of sanity,6,6
1723,edge of tomorrow,0,0
343,edward scissorhands,2,2
1289,elektra,22,22
600,elephant,13,13
1381,elizabeth,482,482
1382,elizabeth: the golden age,704,704
1538,elysium,69,69
844,empire of the sun,14,14
324,enchanted,3,"1 cockroach, 1 bag of bird seed (which was stabbed with a sword), and 1 evil witch queen who was killed while in dragon form."
2074,enemy of the state,13,13
307,epitaph,10,10
1003,equilibrium,187,180 people and 7 dogs
2046,escape from the planet of the apes,6,"2 humans, 3 apes and 1 chimpanzee"
1798,escape from tomorrow,2,1 and an android
1622,eternal sunshine of the spotless mind,0,0
402,event horizon,3,3
924,everything is illuminated,1025,"1,025"
1234,eves bayou,4,4 and 0 motherfuckers
95,evil breed: the legend of samhain,12,11 and 1 inbreed
175,evil dead (1981),4,4
1929,evil dead (2013),6,5 and a dog
176,evil dead 2: dead by dawn,7,6 and a flying demon
2139,ex machina,2,2
2107,existenz,2,2
1459,explicit ills,1,1
735,extract,2,1 and a testicle
1249,extremely loud & incredibly close,2763,"2,763"
969,eye of the beholder,5,5
114,face of terror,33,33
1375,faceoff,46,46
935,faces in the crowd,7,7
526,fahrenheit 451,3,3
1756,falcon rising,34,34
368,fallen,8,8
1995,falling down (1993),2,2
536,family plot,1,1
2019,family weekend ,0,0
1283,fantastic four,4,4
1284,fantastic four: rise of the silver surfer,2,2
577,fantastic mr fox,6,"2 squabs, 3 chickens, 1 rat"
136,farce of the penguins,3,3 penguins died and Samuel L. Jackson said motherfucker one time.
1543,fargo,7,7
1304,fast five,35,35
1880,fast times at ridgemont high,1,1 fetus
936,faster (2010),7,7
1562,fear,6,5 and a dog
1721,fear and loathing in las vegas,1,1 bat
959,feast,17,"11 plus 3 monsters, 2 baby monsters and a monster cock"
759,feast of love,1,1
1429,feeding grounds,9,9
340,ferngully: the last rainforest,2,"1 fairy, 1 snail"
537,few good men a few good men,2,2
323,fido,13,13
1287,fierce people,1,1
498,fight club,1,1
1741,filth,2,2
1211,filth to ashes flesh to dust,10,10
11,final destination,292,292
80,final destination 2,26,26
84,final destination 3,14,11 plus 2 fried bitches and a pigeon
472,final destination 4,61,61
823,final destination 5,94,94
1703,finders fee,0,0
1113,finding nemo,422,2 fish and 420 eggs
603,first blood,5,"1 man, 3 dogs, 1 wild pig"
853,fist of fury,21,21
976,fist of the north star,22,22
653,flash gordon,57,56 (including 9 hawkmen and 1 lizard man) plus a swamp monster
164,flesh+blood,40,"38, plus a dog and a stillborn baby"
1761,flight,6,6
1942,flowers in the attic (1987),5,4 and a mouse
1566,flowers in the attic (2014),5,"3, a deer and a mouse"
208,flushed away,27,3 flies and 2 bowls of maggots
2011,flypaper,8,8
2028,focus,0,0
1235,following,2,2
1618,foolproof,0,0
474,for your eyes only,45,"27, 1 British spy ship disguised as a fishing vessel, and one bitch banged"
1768,forces of nature,1,1 seagull
383,forgiving the franklins,4,4
42,formula 51,16,"15 and 1 exploded Meatloaf, plus Samuel L. Jackson said motherfucker 5 times."
301,forrest gump,17,"13 plus Elvis, JFK, Bobby Kennedy, and John Lennon"
649,fortress (1986),22,"6, a fox, and fifteen fish"
620,fortress (1992),30,29 and a robo-truck
219,four brothers,14,14
876,fragile,5,5
332,frankenhooker,13,12 and a guinea pig
822,frankenstein (1931),4,4
1891,frankie & alice,1,1
1624,freaky friday ,0,0
218,freddy vs jason,85,20 people and 65 maggots
1170,freedom writers,3,3
1159,freeway killer,7,7
1913,frequently asked questions about time travel,0,0
274,friday the 13th,11,10 and a snake
424,friday the 13th (2009),15,15
277,friday the 13th part 2,9,9
281,friday the 13th part 3,13,12 and an unborn baby
286,friday the 13th part 4: the final chapter,14,14
294,friday the 13th part 5: a new beginning,19,19
322,friday the 13th part 6: jason lives,18,17 (including a 3-for-one decapitation) and 1 bug
334,friday the 13th part 7: the new blood,16,16
335,friday the 13th part 8: jason takes manhattan,22,22
341,friday the 13th part 9: jason goes to hell,22,22
303,fried green tomatoes,6,5 plus one arm
1065,fright night,10,5 and 5 vampires
276,fright night (1985),6,"3 humans, 2 vampires, and a guy who was neither human nor vampire"
1312,frogs,9,"7 people, 1 snake and an alligator"
200,from dusk till dawn,94,23 humans and 71 vampires
1331,from dusk till dawn 2: texas blood money,43,37 people and 6 vampires
1336,from dusk till dawn 3: the hangmans daughter,54,"35 people, 18 vampires and a horse"
479,from hell,8,8
1229,from paris with love,48,48
426,from russia with love,23,"22, 1 siamese fighting fish, and 2 bitches banged"
1830,frozen,6,1 ship
1779,full metal jacket,29862,"29,862"
489,funny games (2008),5,4 people and 1 dog
966,futureworld,6,"2 people, 2 robots and 2 genetic duplicates"
997,game of death ii,12,12
440,gangs of new york,95,94 and a rat
1904,garden state,1,1 hamster
398,gattaca,5,2 and 3 zygotes
1602,gentlemen broncos,0,0
2089,get hard,0,0
336,get smart,14,13 and a robot fly
1057,get the gringo,52,52
1983,getting that girl,0,0
1686,ghost dad,0,0
747,ghost dog: the way of the samurai,45,"18 people, 26 pigeons and 1 bear"
954,ghost in the shell,2,2
155,ghost rider,26,"21, 4 demons and an iguana"
667,ghost ship,1137,"1,137"
861,ghostbusters,3,1 Stay Puft Marshmallow Man and 2 gargoyle dogs
877,ghosts of girlfriends past,2,2
70,ghoulies,1,1 (I hate when people come back to life)
71,ghoulies ii ghoulies 2,12,"7 people, 4 ghoulies, and one ghoulie eater"
901,ghoulies iii: ghoulies go to college ghoulies 3,6,6
1550,gi jane,15,15
980,gi joe: the rise of cobra,149,149
790,giallo,5,5
5,ginger dead man,7,6 and a cookie
847,ginger snaps,10,"4 people, 4 dogs and 2 werewolves"
1766,girl most likely,0,0
1041,girl next door,2,2
893,girly,5,5
1630,go,0,0
1649,goats,0,0
1099,god bless america,31,31
1631,god bless america ,31,31
1151,godzilla (1998),393,"173 people, 219 Godzilla babies and Godzilla"
1975,godzilla: final wars,104,"71 people, 20 Xilians, Manda, Gigan, Upgraded Gigan, 1 tuna eating monster, 1 giant jumping spider, 1 giant praying mantis, 1 pterodactyl monster, 1 armadillo monster, 1 dog monster, 2 random monster and a 3-headed monster"
1084,gojira (aka godzilla),10411,"10,374 plus 12 cows, 8 pigs, 16 fish and Godzilla"
511,goldeneye,60,60 and 2 bitches banged
427,goldfinger,60,60 and 2 bitches banged
1329,gone,1,1
1702,gone girl,1,1
463,good night and good luck,1,1
846,good night to die a good night to die,7,7
2151,good people,8,8
736,good time max,3,3
1781,good will hunting,0,0
587,goodfellas,10,10
1171,gosford park,17,1 person and 16 birds
1578,gothic,100,A plate full of leeches
1269,grace,53,"3 people, 2 rats and 48 flies"
454,gran torino,1,1
1540,gravity,4,4
1157,green lantern,30,29 and Parallax
1868,greenberg,2,1 unidentified drowned animal and 1 fetus
49,gremlins,132,3 people and 129 gremlins
63,gremlins 2: the new batch,325,"3 people, 322 gremlins"
1218,grim reaper,7,7
2135,grosse pointe blank,14,14
549,gummo,6,1 and 5 cats
562,half baked,2,1 horse and 1 dog
1126,halloween (1978),6,5 and a dog
259,halloween (2007),22,"20, a rat and a coyote"
1135,halloween 4: the return of michael myers,20,19 and a dog
1136,halloween 5: the revenge of michael myers,21,20 and a dog
1142,halloween h2o: 20 years later,7,7
1127,halloween ii (1981),10,10
1128,halloween ii (2009),18,"16, a cow and a dog"
1134,halloween iii: season of the witch,31,8 people and 23 robots
1129,halloween night,18,18
1137,halloween vi: the curse of michael myers,12,12
1431,halloween: dia de muertos,7,7
1143,halloween: resurrection,10,10
1780,hamlet (1996),11,11
338,hancock,1,1
951,hanna,19,18 and a reindeer
1363,hannah free,1,1
248,hannibal rising,32,"30 people, a fish and a bird"
1530,hansel & gretel get baked,8,6 people and 2 zombies
589,happy birthday to me,9,9
754,happy gilmore,3,2 and an alligator
220,hard boiled,235,235
748,hard candy,1,1
1986,hardware,586,585 and 1 Mark 13 cyborg
712,harry brown,14,14
1461,harry potter and the chamber of secrets,8,"1 snake, 1 basilisk and some mandrake roots"
1539,harry potter and the goblet of fire,4,3 and a bug
1568,harry potter and the order of the phoenix,1,1
1462,harry potter and the prisoner of azkaban,4,2 birds and 2 bats
1277,harry potter and the sorcerers stone,3,2 and a unicorn
909,hatchet,10,10
18,hatchetman,9,"7, one 1/2 dead hatchetman, and one doomed engagement"
1383,haunted house a haunted house,2,1 and a dog
1805,haunter,1,1
2020,havoc,0,0
968,haywire,8,8
144,heat,18,18
2030,heavenly creatures,1,1
1705,hedwig and the angry inch,0,0
1176,hellbent,5,5
602,hellboy,6041,"34 plus 6 Sammaels, 1 Ogdru Jahad, and thousands of Sammael eggs"
2153,hellions,9,"3 people, 5 slug children and 1 unborn slug child"
45,hellraiser ,7,6 and 1 rat
46,hellraiser ii: hellbound,33,33
52,hellraiser iii: hell on earth,178,177 people & 1 head explosion
53,hellraiser iv: bloodline,15,"12 plus 1 dove, 1 demon dog, and 1 robot (exploded)"
54,hellraiser v: inferno,9,9
55,hellraiser vi: hellseeker,5,5
65,hellraiser vii: deader,11,11
1813,henry: portrait of a serial killer,10,10
1720,her,0,0
1374,hick,3,3
1255,hide and creep,25,8 people and 17 zombies
881,hideaway,7,7
895,high art,1,1
705,high hopes ,2,2
1081,high lane,4,4
996,high life,4,4
1831,high road,0,0
1501,high school hellcats,2,2
264,high tension,6,5 and a dog
404,high times potluck,2,2
1838,highway to hell,139,"137 people, a demon and Hellcop"
154,history of violence a history of violence,13,13
1821,hit & run,0,0
1657,hitch,0,0
850,hobo with a shotgun,50,50
904,holes,9,"7, a mule and 1 yellow spotted lizard"
1225,hollow man,9,"6 people, a rat, a fly and a dog"
1232,hollow man 2,11,11
826,hollywood homicide,8,8
1227,hollywoodland,2,2
883,home fries,1,1
1115,home room,6,6
1451,home sweet home,9,9
1895,home sweet home (2013),2,2
1571,homefront,11,11
1722,honey i shrunk the kids,1,1 ant
1794,honey we shrunk ourselves,0,0
614,hook,9,9 and a coconut
66,hope floats,1,1
2027,horns,4,4
845,horrible bosses,1,1
466,horsemen,5,4 and a fetus
188,hostel,12,12
713,hostel: part ii,9,9
1022,hostel: part iii,14,13 and a cockroach
180,hot fuzz,17,17
1250,hot shots!,12,12
1272,hot shots! part deux,317,"315 people, a dog and a chicken"
970,hours,1,1
975,house,7,7
1340,house at the end of the street,5,5
50,house of 1000 corpses,15,15
1430,house of fears,9,9
606,house of the dead,128,128
986,house of yes,1,1
744,how about you,1,1
317,how high,14,1 and 13 pigeons
2068,how the grinch stole christmas,0,0
679,how to be a serial killer,28,28
838,how to kill your neighbors dog,1,1 dog
678,how to lose friends & alienate people,4,1 dog and 3 goldfish
1074,how to rob a bank,1,1
1035,hulk,8,"4, a frog and 3 gamma infected dogs"
1318,hunger,7,7
854,hunt to kill,15,15
1015,hurt,4,3 and a duckling
874,i am number four,16,"3 humans, 3 Loriens, 8 Mogadorians and 2 giant alien bat-dogs"
1350,i am omega,103,"3 people, 31 mutant creatures and a hive"
396,i know what you did last summer,15,6 and 9 crabs
394,i know who killed me,2,2
1101,i spill your guts,25,25
752,i spit on your grave (1978),4,4
753,i spit on your grave (2010),6,6
187,i think i love my wife,2,2 policemen
1840,ice age,20,"1, 18 dodos and 1 saber-toothed tiger"
214,ice age 2,4,"A turtle, 2 dinosaurs, and a dodo (bird)"
2065,icetastrophe,24,24 and a plastic snowman
2021,ichi the killer,22,22
1757,identity thief,0,0
2015,if i stay,3,3
1434,igby goes down,1,1
1203,in bruges,5,5
1842,in dreams,5,5
2150,in fear,1,1
79,in her shoes,1,1 old man
1072,in time,10,10
2044,in your eyes,0,0
635,inception,3,3
1033,incredible hulk,20,20
1297,incredible hulk returns,2,2
216,independence day,12702478,"1,702,461 humans and 11,000,017 aliens"
626,indiana jones and the last crusade,2055,"48 people, 7 birds, and 2,000 rats"
625,indiana jones and the temple of doom,532,"31 people, 8 chickens, 2 snakes, 1 mosquito and 490 other bugs"
1464,infamous (2006),6,6
471,inglourious basterds,397,397
1514,inhale,8,8
2083,inherent vice,4,4
604,insanitarium,25,24 and a cat
764,insidious,1,1
1579,insidious: chapter 2,1,1
2098,insurgent,6,6
1325,intermedio,11,9 and 2 chickens
1719,interstellar,6,6
1592,intimate affairs,0,0
1846,into the storm,7,7
1998,into the wild,11,"1 person, 1 moose, 1 fish and 8 more random animals"
1575,intolerable cruelty,2,2
594,invitation to a suicide,1,1
938,iron giant,3,2 and a deer
1804,iron golem aka iron invader aka metal shifters,8,7 and 1 alien bacteria defeated by whiskey
952,iron man,86,86
990,iron man 2,7,7
1479,iron man 3,62,62 people and 1 exploding plant
1634,it,9,8 and Pennywise
1844,it follows,3,2 people and 1 bug
1747,it runs in the family ,47,47 fish
1486,its a disaster,2,2
310,jack brooks: monster slayer,17,15 and 2 dogs
1594,jack goes boating,0,0
1397,jack reacher,18,18
1739,jack ryan: shadow recruit,14,14
701,jackie brown,4,4 bodies and 38 motherfuckers from Samuel L. Jackson
1985,jacknife,2,2
1398,jacob,15,"13, a cat and a raccoon"
1818,jailbait,3,3
148,jarhead,753,752 and a scorpion
10,jason x,250023,"250,023"
298,jaws,8,"5, 2 sharks and a dog"
637,jaws 2,8,7 people and 1 shark
638,jaws 3,8,5 plus 2 sharks and 1 fish
639,jaws 4,3,2 and a shark
1777,jay and silent bob strike back,1,1
9,jeepers creepers,8,8
1067,jeepers creepers 2,10,10
1605,jeff who lives at home jeff who lives at home,0,0
530,jennifers body,57,56 people and 1 succubus
795,jersey girl,1,1
452,jesus christ vampire hunter,46,46
1305,jesus henry christ,5,5
839,jesus son,12,"5 plus 1 rabbit, 5 premature rabbits and 1 fetus"
2073,jetsons: the movie,0,0
1043,jimmy and judy,3,3
1337,joe + belle,1,1
1117,joe dirt,7,"4, a dog, a duck and a fly"
1386,john dies at the end,10018,"13, a fly, a dog, 3 space slugs and a swarm of white parasite things"
1970,john wick,79,78 and a puppy
543,johnny mnemonic,26,26
1487,jolene,2,2
1192,jonah hex,482,482
1576,joyride,2,2
1248,judge dredd,231,231 and an ABC robot
1599,julie & jack,0,0
1629,jumanji,0,0
488,jumper,6,6 bodies and 0 motherfuckers
1623,juno,0,0
542,juno and the paycock,2,2
1974,jupiter ascending,34,"7 people, 18 aliens, 7 gargoyles and 2 gun-armed guards"
1040,jurassic park,9,"5 people, 2 dinosaurs, a goat and a bull"
1055,jurassic park iii,8,"6 people, a T-Rex and a Pterodactyl"
1914,jurassic world,35,"19 people, a pig, a goat, a bug, 1 Ankylosaurus, 6 Apatosaurus, 1 Dimorphodon, 1 Pteranondon, 3 Velociraptors and 1 Indominus Rex "
1858,just before dawn,6,6
1064,kalifornia,12,11 and a bug
1771,karla,3,3
1228,kates addiction,4,4
20,katiebird,4,4
670,kick-ass,64,64
1385,kick-ass 2,26,26
1407,kickboxer,3,3
118,kid with the golden arms,70,70
999,kidulthood,2,2
434,kill bill: volume 1,51,51
499,kill bill: volume 2,11,11
1996,kill the messenger,0,0
201,killer drag queens on dope,12,12
1442,killer elite,17,17
1199,killer joe,2,2
12,killer klowns from outer space,65,"43, plus 19 klowns, 1 dog, 1 balloon dog and a puppet"
1978,killer mermaid,9,8 and a killer mermaid
858,killers,10,10
1488,killing season,8,8
1638,killing them softly,3,3
888,killshot,4,4
1,king kong ,71,"26 with Ape. Also 3 dinosaurs, 4 T-Rexes, 35 various giant insects and 3 giant bats."
1521,king of new york,29,29
236,kingdom of heaven,1594,"1,578 and 16 horses"
1262,kinsey,1,1
1144,kiss kiss bang bang,12,12
841,knight and day,49,49
702,knowing,6785987235,All of Earth except for 2 kids and 2 rabbits
117,komodo vs cobra,19,"15, plus 1 yacht, 2 giant komodos and 1 giant cobra"
2022,kristy,10,9 and a dog
1443,krull,44,"42 people, a cyclops and a beast"
320,kung pow: enter the fist,48,"43 people, a dog, 2 moths, a big toe, a stomach plug and one French alien UFO"
1603,l!fe happens life happens,0,0
1864,la confidential,31,31
1611,labyrinth,0,0
723,lady and the tramp,1,1 rat
827,lake dead,8,8
315,lake placid,5,"2, a bear, a cow and a giant crocodile"
1886,lara croft tomb raider: the cradle of life,48,44 and 4 shadow guardians
1877,lara croft: tomb raider,11,11
2059,last hours in suburbia,1,1
1559,last kind words,4,4
240,last quarter,2,2
563,law abiding citizen,15,15
852,lawn dogs,3,2 chickens and 1 dog
72,layer cake,11,11
1082,lazarus project,5,5
2047,leatherface: the texas chainsaw massacre iii,7,6 and 1 armadillo
958,leaves of grass,7,6 and a catfish
1537,lee daniels the butler,6,6
1960,legally blonde,0,0
551,legend of the liquid sword,16,15 and a frog
1517,legends of the fall,8765,"8,763 people, 1 cow and 1 unidentified animal"
605,legion,217,172 and 45 locusts
1620,lemony snickets a series of unfortunate events,4,4
934,leprechaun,5,4 and a cricket
1896,leprechaun 2,5,5
1900,leprechaun 3,5,5
1916,leprechaun 4: in space,12,"6, an alien creature, a spider, a scorpion, a fly, a cyborg, and 1 Mittenspider"
1936,leprechaun: in the hood,11,11
1905,les misí©rables les miserables,35,35
993,less than zero,1,1
1755,let go,0,0
896,let me in,10,10
1608,let the right one in,8,8
1368,lethal weapon,28,28
1369,lethal weapon 2,28,28
1939,lets be cops,3,3
99,lets go to prison,1,1
1108,leviathan,8,"6, a spider crab and a genetic alteration"
510,licence to kill,23,"20, a starfish, 2 sharks and 2 bitches banged"
848,life as we know it,2,2
693,life blood,9,8 and a possum
2010,life of crime,1,1
1387,life of pi,328,"25, a goat, a giraffe, a camel, an ostrich, a warthog, 6 birds, 5 monkeys, an ibex, a cheetah, a hippo, 2 orangutans, a rhino, a zebra, a hyena, a rat, 2 big fish, a boatload of flying fish, 45 jellyfish, 40 fish eaten by acid and 61 meerkats"
547,lifeboat,125,124 and a baby
1173,like water for chocolate,9,8 and a baby
2117,lilo & stitch,1,1 alien cop
903,limitless,11,11
1118,lion king,22,"19 bugs, a zebra, Mufasa and Scar"
1344,little birds,1,1
1139,little bit of heaven a little bit of heaven,1,1
1516,little boy blue,5,5
1732,little miss sunshine,1,1
56,little nikita,5,5
39,little shop of horrors,3,"2 and a plant<br />(However, in the original ending that Frank Oz shot, the true body count would be 4 and no plant. Test audiences hated this ending "
439,live and let die,8,"6, a snake, a crocodile, and 3 bitches banged"
159,live free or die hard,41,41
456,lock stock and two smoking barrels,15,15
1050,lockout,533,533
925,logans run,49,48 and a robot
1865,lonely hearts,11,"8 people, 2 fetuses and a little girl"
225,long kiss goodnight,52,"50, a deer, a cricket, and Samuel L. Jackson graced us with two motherfuckers."
1390,looper,50,50
794,lord of the rings i: the fellowship of the ring,183,"102 before the title and then 72 more, plus 9 horses"
806,lord of the rings ii: the two towers,1246,"87 men, 67 elves, 1,068 orcs, 6 horses, 13 worgs, 1 ent, 1 balrog, 2 rabbits and 1 fish"
824,lord of the rings iii: the return of the king,220334,"15,107 men, 205,066 orcs, 110 trolls, 7 horses, 1 worm, 1 hobbit, 1 fish, 20 elephants, 9 Nazgul, 9 Fell Beasts, 1 giant creepy-ass spider, Sauron and Gollum"
1800,lord of war,69,69
1615,lost in translation,0,0
987,lost tribe,21,"19 people, 1 dog and 1 tribesman"
1047,lost world: jurassic park,16,"14 people, a dog and a Velociraptor"
1322,love and a 45,13,8 and 5 bugs
540,love happens,1,1
1751,love sick love,2,2
1008,love wedding marriage,1,1 fish
988,lucky,4,4
43,lucky number slevin,22,"20 people, 1 horse, and 1 apartment"
1570,lucy,44,"41, a bug, a fish and a gazelle"
514,m*a*s*h,3,3
1023,macbeth (2010),20,20
643,machete,78,77 and an unborn child
912,mad dog morgan,12,10 and 2 snakes
755,mad max,10,9 and a dog
1438,mad max 2: the road warrior,42,"39 people, a rabbit, a snake and a dog"
1441,mad max beyond thunderdome,8,7 and a horse
1207,madhouse,1,1 snake
270,madhouse,7,7
2072,madhouse (1974),8,8
275,magnolia,30000000,"8, a dog, and a whole LOT of frogs"
992,make-out with violence,5,"2 people, 2 dogs and a rat"
1121,malevolence,5,5
496,malice,2,1 and an unborn fetus
1700,mallrats,0,0
1446,mama,9,"6 people, a baby and 2 moths"
1473,man of steel,2000129220,"129,039 people, General Zod, 10 Kryptonian soldiers, 170 Kryptonian fetuses and the planet Krypton"
321,man of the house,4,4
507,man on the moon,1,1
1069,man who knew too little,4,4
1013,man who wasnt there,4,3 and a fetus
985,management,1,1
1527,maniac (1980),6,6
1494,maniac (2012),8,8
1357,manic,1,1
1214,mansfield park,1,1
550,marathon man,12,12
211,margarita happy hour,1,1
1102,margin call,1,1 dog
1832,mars attacks!,204,"122 people, 78 aliens, 2 dogs, 1 dove and 1 bird"
1090,mary and max,16,"6, 2 flies, 1 worm and 7 fish"
1246,mary horror,16,16 and an eyeball
821,mary shelleys frankenstein,12,9 and 3 dogs
1456,mask maker,12,11 and a baby
615,matilda,1,1
650,max payne,32,32
707,may,7,"5, a cat, and a creepy porcelain doll"
1922,maze runner the maze runner,17,14 and 3 Grievers
1663,me myself & irene,1,1
1950,mean creek,2,1 and a snail
1885,mean girls,0,0
1698,mean streets,1,1
1499,meet bill,1,1 duck
2001,meet the fockers,0,0
1992,meet the parents,0,0
1367,meeting evil,18,18 people and 1 motherfucker
765,mega piranha,4165,"47, plus 1 shark, 1 cruise ship, 1 navy ship, 1 nuclear submarine and 41 mega piranhas"
561,mega shark vs giant octopus,2306,"9, plus an oil rig, a whale, a plane snatched out of the air by mega shark, two U.S. navy ships, one oil tanker crew killed by pirates, one pirate crew cooked well done, 7 U.S. submarines, one Japanese submarine, one mega shark and one giant octopus"
1433,megan is missing,1,1
1258,melancholia,7021836029,"7,021,836,029"
445,memento,4,4
1010,memoirs of a geisha,2,2
918,men at work,1,1
2034,men in black,19,"5 humans, 5 aliens, 5 roaches, 1 dragonfly and 3 flies"
2035,men in black ii,11,1 human and 10 aliens
2052,men women &#38; children,0,0
194,menace ii society,8,8
1774,mental,0,0
1060,mercury rising,15,15
1175,messages deleted,6,6
141,midnight cowboy,1,1
462,milk,4,4
89,millennium,14,13 and 1 personal robot
1587,million dollar baby,1,1
1685,minority report,3,3
2064,miracle on 34th street (1947),0,0
1659,mirror mirror,0,0
230,mirror of death,3,3
1674,misery,2,2
921,miss nobody,8,8
1931,mission: impossible ii mission impossible m:i-2,280,280
1972,mission: impossible iii mission impossible ,29,29
1416,mission: impossible mission impossible,38,"7 people, a rat and 30 fish"
1038,mojave moon,1,1
809,money train,3,3
1613,moneyball,0,0
1333,monkey shines,6,"4 people, a bird and a monkey"
137,monster,4,4
44,monster house,2,1 and a monster house (More people were eaten by the monster house but at the end they magically reappeared and we had to cross them off the list.)
891,monsters vs aliens,3682,"3,601 aliens and 81 giant alient robot probes"
1847,monsturd,12,11 and 1 Shitman
473,moonraker,121,"108, 12 pheasants, 1 python and 3 bitches banged"
1292,moonrise kingdom,2,1 dog and 1 fish
1005,most high,2,2
364,motel hell,6,6
1806,mothers boys,1,1
1542,mothers day (2010),11,11
632,moulin rouge,1,1
582,mouth to mouth (2005),2,2
2097,movie 43,0,0
1598,mr & mrs smith (1941),0,0
149,mr brooks,8,8
229,mr deeds,1,1
1245,mr hush,5,4 and a vampire
13,mr jingles,17,17
1639,mr nobody,0,0
1591,mr poppers penguins,0,0
1843,mrs doubtfire,0,0
1558,mud,5,5
727,mulholland drive mulholland dr,9,9
1122,mum & dad,6,6
62,munchies,13,"2 people, 8 munchies and some tropical fish"
318,muppets from space,1,1 cat
762,murder!,1,1
41,mutant,30,29 and 1 Monte Carlo
1583,mutant species,20,"18, a bug and Walter the mutant"
812,mutant vampire zombies from the hood!,92,92
1625,my big fat greek wedding,0,0
726,my bloody valentine (1981),15,15
423,my bloody valentine (2009),31,31
1164,my little eye,5,5
1426,my own private idaho,2,2
742,my sisters keeper,2,2
840,my soul to take,9,9
172,my super ex-girlfriend,1,1 shark
1206,my year without sex,1,1 fish
183,mystery men,106,6 and a blown-up asylum
125,napoleon dynamite,1,1 cow
533,national lampoons christmas vacation,1,1 cat
2101,national lampoons dirty movie,0,0
1123,national lampoons vacation,2,Aunt Edna and the dog
357,national treasure,2,2
868,natural born killers,123,122 and a scorpion
1389,nature calls,1,1
585,near dark,15,15
916,necromentia,7,6 and a pig-faced demon
669,necropolis (1987),17,12 and 5 ghouls
1332,ned kelly,37,"31 people, 2 horses, 2 boar, a monkey and a lion"
2123,ned rifle,2,2
1855,neighbors,0,0
1076,neo ned,5,4 and a dog
163,network,2,2
1029,never let me go,3,3
484,never say never again,17,17 and 4 bitches banged
740,new moon,3,2 and 1 vampire
1734,new years eve,1,1
1191,new years evil,7,7
1362,new york i love you,1,1
1565,next,2,2
528,next day air,6,6
1636,next stop wonderland,0,0
1901,night at the museum,1,1 caveman statue
97,night of the comet,4769000095,The entire population of Earth in 1984 minus 6 people plus 2 cars
516,night of the demons,9,9
967,night of the demons (2009),7,7
1709,night of the demons 2,9,8 people and a demon
677,night of the living dead (1968),15,15
57,night of the living dead (1990),19,19
581,night of the living dead 3d,10,10
123,night train to terror,27,16 and 11 musicians
1917,night watch (aka nochnoi dozor aka nochnoy dozor),48,"46, a bug and a bird"
1853,nightcrawler,30,30
659,nights in rodanthe,1,1
1379,nine dead,10,10
813,ninja vs bruce lee,3,3
244,no country for old men,18,17 and a dog
272,no reservations,1,1
261,nobody knows,1,1
391,norikos dinner table,85,85
532,north by northwest,5,5
2154,not safe for work,11,11
1581,novocaine,2,2
1682,now and then,0,0
1641,now you see me,0,0
565,number seventeen,2,2
436,nurse betty,4,4
1788,nymphomaniac: volume 1,1,1
2057,nymphomaniac: volume ii,1,1
30,o,5,5
1410,o brother where art thou?,14,"7 people, a chicken, 2 gophers, 2 cows, a toad and a dog"
2024,observe and report,0,0
963,oceans eleven,1,1
1736,october sky,1,1
475,octopussy,97,"96 and a spider, and 2 bitches banged"
1772,oculus,4,4
1508,office space,2,1 and a fish
920,old school,3,3
825,oldboy,6,5 and an octopus
1872,oldboy (2013),39,"28 people, 1 mouse, 10 baby mice, 7 motherfuckers and 1 motherfucking"
1484,olympus has fallen,223,222 and a dog
437,on her majestys secret service,20,20 and 3 bitches banged
1555,on the inside,8,8
2005,once bitten,0,0
1789,once upon a time in america,11,11
1589,once upon a time in the west,35,33 and 2 birds
641,one flew over the cuckoos nest,2,2
973,one for the money,6,6
2144,one hour photo,0,0
1001,one last thing,1,1
1815,one true thing,1,1
476,ong-bak: the thai warrior,8,8
77,open water,3,2 whiny assholes and one underwater camera eaten by a mako shark
2104,open water 2: adrift,5,5 and an inflatable dolphin
777,orange county,1,1
573,orphan,4,3 and a pigeon
946,orphan killer,10,10
814,otis,3,3
1957,our man flint,14,"13 people, 1 fly and 1 bitch banged"
1670,out of the furnace,8, 7 and a deer
629,p2,4,3 and a dog
1146,pact,3,3
1278,pain & gain,2,2
902,paintball,10,10
1238,pandorum,2176,"2,174 and 2 grasshoppers"
977,panic in needle park,1,1 puppy
196,panic room,2,2
590,pans labyrinth,28,"22, a giant toad, 2 bugs, 2 fairies and a magic root"
576,paranormal activity,1,1
673,paranormal activity 2,3,2 and 1 bird
947,paranormal activity 3,2,2
1465,paranormal activity 4,2,2
1740,paranormal activity: the marked ones,7,7
1873,paranormal entity,2,2
1522,paranorman,2,1 and a fly
74,parents,3,3
126,party monster,3,3
179,pathfinder,243,"240, 2 horses and 1 bear"
931,paul,4,"2, a bird and a dog"
1196,paycheck,6,6
1898,peacock,1,1
757,peacock,1,1
1365,penny dreadful,5,5
2120,people like us,0,0
1476,perfect ending a perfect ending,1,1
696,perfect getaway a perfect getaway,8,7 and a goat
1861,perfect sisters,1,1
210,perfume,28,"27, 1 cat, and the biggest orgy EVER."
953,pervert!,7,5 and 2 snakes
31,pet sematary,11,"9, 1 cat and 1 mouse"
40,pet sematary ii,34,"7 people, 2 dogs (1 euthanized, 1 shot), 3 kittens, 22 rabbits, and 1 zombie rape"
116,petrified,9,"6 people and 1 alien mummy destroyed by salt like a slug. Also, one woman's hair and one FBI partner mysteriously disappeared between one scene and the next."
256,phantoms,11,10 and a dog
1773,phantoms,9,8 and a dog
831,phenomena,7,7
1073,phenomenon,1,1
1731,philadelphia,1,1
1956,phone booth,4,4
501,piccadilly,2,1 chinese homewrecking dancing biatch and 1 chinese creepy guy
1378,pieces,7,7
884,pieces of april,1,1 squirrel
1977,pieces of talent,5,5
1293,pig hunt,22,"16 people, a dog, a horse, a snake, a deer, a hog and The Ripper (a 3,000 lb hog)"
420,pineapple express,21,"19, a bug and a very large crop of marijuana"
575,pinocchios revenge,3,2 people and 1 girl doll
1733,pirate radio,0,0
133,pirates of the caribbean: at worlds end,88,88
132,pirates of the caribbean: dead mans chest,57,56 and a hermit crab
1182,pirates of the caribbean: on stranger tides,63,"56 people, 2 mermaids, 3 poisonous toads and 2 zombie pirates"
131,pirates of the caribbean: the curse of the black pearl,17,17
309,pistoleros,5,4 and a dog
1520,pitch black,63,40 and 23 aliens
1987,pitch perfect,0,0
2087,planet of the apes (1968),21,20 and 1 ape
1409,planet terror grindhouse,169,"32 people, 136 infected and a dog"
124,platoon,570,569 and a pig
1044,playing by heart,1,1
1447,pleasures of the damned,17,14 people and 3 zombies
503,point break,9,9
1921,police academy,0,0
2002,police academy 2: their first assignment,1,1 fish
2003,police academy 3: back in training,3,2 flies and 1 mosquito
2136,pootie tang,0,0
1748,popcorn,7,7
610,postal,742,"148, a baby, and all the people that died when the first plane hit the World Trade Center, including the window washer."
800,pot zombies,22,22
1850,pour elle aka anything for her,3,3
195,practical magic,4,4
1019,predator,72,"69, a scorpion, a boar and a predator"
1020,predator 2,39,38 and a predator
743,predators,19,"7 people, 4 predators, 1 bug, 6 horny alien dogs and 1 alien thing"
169,premonition,3,2 people and 1 crow
2121,preservation,7,"5, a dog and a deer"
994,pretty persuasion,1,1
450,pride and glory,11,11
945,primal,31,"7 people, 1 demonic alien fetus, 1 kangaroo, 1 bug, 1 demonic rabbit and 20 leeches"
890,primer,2,2
69,primeval,20,20
1749,prince avalanche ,4,3 fish and a squirrel
2023,prisoners,4,4
495,prizzis honor,7,7
204,prom night,7,7
1034,prometheus,18,15 plus 2 space jockeys and a giant alien squid baby (aka the original facehugger)
2054,proxy,5,"3 people, a little boy and a fetus"
1628,prozac nation,0,0
763,ps i love you,1,1
718,psycho (1960),2,2
940,psycho (1998),2,2
521,psycho santa,10,10
457,public enemies,22,22
98,puff puff pass,1,1
500,pulp fiction,7,"7, plus Sam Jackson racked up 27 motherfuckers and 1 motherfucker accessory"
59,pulse,7,6 and a plane
48,pumpkinhead,8,7 and a demon
1414,puncture,2,2
6,punisher,58,58
622,punisher: war zone,108,108
1531,punk rock holocaust,2289,"2,288 people and a robot"
1195,push,40,27 people and 13 fish
1835,pusher (2012),1,1
120,python,15,14 and 1 giant genetically-enhanced python
284,q: the winged serpent,17,"15 humans and 2 Qs. Jon further broke this down for us as follows: 4 decapitations, 1 skinning, 10 other, mostly dropped from high up. Also, all his predictions came true."
393,quantum of solace,24,23 and a fly and 1 bitch banged
491,quarantine,10,"8 people, 1 dog and 1 rat"
2051,quarantine 2: terminal,20,19 and a fetus
857,queer duck: the movie,1,1 buzzard
362,quest for camelot,2,2
1923,quid pro quo,0,0
1907,rabbit hole,0,0
1402,radioland murders,7,7
624,raiders of the lost ark,119,"55, a monkey and 63 ""impossible to count"" snakes"
1240,raising arizona,1,1
618,rambo ii,63,62 and a chicken
628,rambo iii,132,130 and 2 horses
633,rambo iv,298,"6 before the title, then 283 more plus 2 oxen, 3 fish and 4 dogs"
1279,rampage,70,70
2050,rampart,1,1
719,rear window,2,1 and a dog
663,red,16,16
1100,red dawn,107,106 and a deer
1760,red dragon,4,4
939,red riding hood,16,"13 people, 1 werewolf, 1 wolf and 1 rabbit"
866,red state,17,17
1580,red water,13,"10, 2 sharks and a fish"
1503,redemption,10,10
919,redneck zombies,15,"8 people, 6 zombies and 1 piglet"
1021,reef,4,4
285,reefer madness,3,3
330,reefer madness: the movie musical,6,5 and a fly
2067,reindeer games,10,10
271,renegade,30,28 and 2 horses
152,reno 911!: miami: the movie,7,"5 people, 1 whale, and an ice cream truck"
2099,repo men,29,29
433,repo! the genetic opera,14,14
698,requiem for a dream,1,1
388,reservoir dogs,11,11
35,resident evil,30,"21, 8 dogs and 1 licker"
373,resident evil 3: extinction,15576,"576, 3 dogs and an entire flock of demon birds"
36,resident evil: apocalypse,50120,"111, plus 1 that we almost missed because we were too busy talking about sex, 4 dogs, 3 lickers and an entire city (including 1 nemesis boyfriend)"
1045,rest stop,3,3
1098,rest stop: dont look back,7,7
8,return of the living dead: necropolis,103,103
716,return to horror high,4,4 flies
1309,return to paradise,1,1
2102,return to sender,1,1 dog
1085,return to sleepaway camp,11,5 and 6 frogs
1863,revolt of the zombies,3,3
612,rich and strange,3,2 and a cat
779,richard iii,29,29
1918,rid of me,0,0
1759,riddick,63,"9 humans, 3 Necromongers (aka Monger Lords), 1 alien bird, 2 alien jackals, 4 alien eels, 42 mud demons and 2 mud demon babies"
1560,ripd,8,8
995,rise of the planet of the apes,26,"8 people, 15 chimps, 1 gorilla, 1 orangutan and a bug"
467,rising sun,5,5
1421,road kill,4,4
509,road to perdition,23,23
347,road trip,1,1
1439,road trip: beer pong,1,1 boar
708,rob roy,26,"14, a dog, 7 cows, 2 chickens and 2 sheep"
1716,robin hood (1973),0,0
1573,robocop (1987),140,139 and 1 ED-209
1879,robocop (2014),113,"55 people, 54 EM-208's, 4 ED-209's and 1 motherfucker"
1924,robocop 2,58,58
1930,robocop 3,53,50 and 3 RoboNinjas
991,rock,23,23
843,rocknrolla,9,9
1712,rocky iii,1,1
199,rollercoaster,21,"20, plus one mad bomber killed by irony"
319,rolling kansas,4,3 ducks that looked like geese and one accidental rabbit smothering
1836,romancing the stone,5,"3, a snake and a crocodile"
296,romeo + juliet,5,5
504,romper stomper,6,6
527,ronin,33,33
110,rory oshea was here,1,1
1528,rosemarys baby,2,2
1953,rosewood lane,4,4
897,rubber,42,"36 people, 1 crow, 1 scorpion, 1 rabbit, 1 turkey, 1 spider and Robert the tire"
198,rules of engagement,97,97 and 5 motherfuckers from Samuel L. Jackson
1959,run all night,22,22
2041,run hide die,6,6
1954,run lola run,0,0
982,run! bitch run!,8,8
213,running with scissors,1,1 cat
721,sabotage (1936),58,57 and a puppy
1120,safe,82,82
1726,safe house,27,27
2055,safelight,2,2
797,salt,30,30
580,sams lake,10,10
907,sanctum,7,7
689,santas slay,33,"31, a fluffy white dog and a helldeer"
522,satan claus,9,9
14,satans little helper,16,15 and a cat
1651,saved!,0,0
166,saving silverman,1,1
161,saw,7,6 and a foot
162,saw ii,9,9
168,saw iii,9,9
228,saw iv,9,9
381,saw v,5,5
490,saw vi,12,12
672,saw vii,21,21
1468,scanners,20,20
1343,scarecrows,6,6
400,scarface,42,42
1380,scarface (1932),30,30
215,scary movie,17,17
1675,scary movie 2,5,5
1677,scary movie 3,15,12 and 3 aliens
1679,scary movie 4,21,21
1681,scary movie 5,3,"1, a chicken and a bird"
792,schindlers list,10033,"10,033"
345,schizopolis,2,2
978,scorched,1,1 duck
729,scotland pa,5,5
1364,scott pilgrim vs the world,26,26
913,scream,7,7
914,scream 2,10,10
1683,scream 3,10,10
1687,scream 4,12,12
898,scream of the banshee,6,5 and a banshee
722,screamers,132,"76 people, 11 Type 1-revised screamers, 2 Type 2 screamers, 40 Type 3 screamers, 2 Type 4 screamers, and 1 rat"
1729,scrooged,2,2
1586,se7en seven,5,4 and a fetus
1165,season of the witch,1171,"1,140 people, 12 wolves, 18 zombie monks and 1 demon"
647,secret agent,4,4
1752,see girl run,0,0
243,see no evil (1971),4,4
922,see no evil (2006),11,10 and a bug
1083,seed,14,14
25,seed of chucky,12,10 and 2 dolls
1534,seeking a friend for the end of the world,3,3
2081,serena,18,"13 people, 1 fetus, 1 snake, 1 panther, 1 deer and 1 unidentified animal"
387,serenity,197,196 and a bug
828,serious man a serious man,3,2 and a deer
1635,serpico,0,0
505,seven pounds,8,8
1480,seven psychopaths,14,14
584,sex and death 101,3,3
2056,sex ed,0,0
1664,sexting,0,0
513,sfw,5,5
289,shaded places,2,1 and a dog
937,shaft (2000),25,25 people and 10 motherfuckers
2127,shakespeare in love,1,1
1404,shark night,11,9 people and 2 sharks
1577,shark week,14,10 and 4 sharks
1595,sharknado,228,"22 people, 205 sharks and a duck"
174,shaun of the dead,35,34 and a pigeon
1224,sheltered,10,10
1512,sheriff tom vs the zombies,66,17 people and 49 zombies
529,sherlock holmes,6,6
1168,sherlock holmes: a game of shadows,36,36
1306,shiver,8,7 and a sheep
1011,shoot em up,98,96 plus 2 deaths by carrot to the face
1162,shooter,56,55 people and a dog
1222,shooters,9,9
1812,showgirls,0,0
2111,shrek,87,"1 plus 1 bug, 4 fish, 1 slug, 1 bird, 3 weedrats, 1 spider and a spiderweb full of bugs"
2112,shrek 2,3,"1 mermaid, 1 dove and 1 fairy godmother"
326,shrek the third,4,1 Frog King Dad-in-Law and 3 bugs
1347,shriek if you know what i did last friday the 13th,15,13 people and 2 bugs
1110,shrink,1,1 dog
807,shrooms,7,6 and a goat
666,shutter (2008),2,2
651,shutter island,1,1
1281,silent house,1,1
534,silent night deadly night,14,13 and a snowman
1678,silver linings playbook,0,0
793,sin city,59,59
1906,sin city: a dame to kill for,66,66
619,single white female,4,3 and a dog
1095,singles,1,1 fetus
1496,sinister,4,3 and a scorpion
1183,sister my sister,2,2
1221,skipped parts,1,1 fetus
1267,skyfall,50,50 and 2 bitches banged
1307,slaughtered,10,10
1423,slave,12,12
911,slc punk,1,1
1061,sleepaway camp,11,11
1062,sleepaway camp ii: unhappy campers,18,18
1063,sleepaway camp iii: teenage wasteland,17,16 and a fish
1597,sleeper,0,0
105,sleepers,8,8
1744,sleeping beauty,1,1
1014,sleeping beauty,2,2
278,sleepwalkers,11,"7, 2 sleepwalkers and 2 cats"
1435,slither,201,"97 people, 77 alien slugs, 11 dogs, 8 cats, 3 coyotes, 2 cows, a mare, a possum and a deer"
185,slow burn,8,7 and a fly
972,slugs: the movie,16634,"11 people, 1 hamster, 9 slug eggs and 16,613 mutated slugs"
2092,slumdog millionaire,4,4
138,smokin aces,35,35
100,snakes on a plane,118,"62 people, 54 snakes, 1 cat and 1 dog. Also, Samuel L. Jackson said motherfucker/ing five times."
86,snatch,21,21
1529,snitch,16,16
515,snoop doggs hood of horror,18,17 and a dog
1547,snow white and the huntsman,66,"63, a dwarf, a horse and the Evil Queen"
1341,snow white: a tale of terror,13,"8 people, 1 stillborn baby, 1 horse, 1 pig, 1 bird and a crow"
1833,snowpiercer,15136,136 people and a vat of bugs
1111,soapdish,1,1 cockroach
1335,someones knocking at the door,4,4
2109,something borrowed,0,0
2132,son of the mask,0,0
306,soo,26,26
1024,soul surfer,1,1 shark
1593,source code,0,0
205,south park: bigger longer & uncut,2,"2. That's right, I said TWO. The 312 people, 2 bears, robot king and demon that died in the war DON'T COUNT!"
413,southland tales,524,24 and a mega-zeppelin
2075,southpaw,2,2
1260,spaceballs,19,19
1256,spawn,62,"39, 20 maggots, 2 worms and 1 Violator"
1147,species,19,"14 people , 2 rats, 1 alien life form and 2 alien-human hybrids"
1148,species ii,44,"23 people, 20 alien babies and 1 alien-human hybrid"
1149,species iii,12,"7 people,1 cat, 1 alien-human hybrid and 3 half-breeds"
1150,species iv: the awakening,14,"9 people, 4 alien-human hybrids and 1 unborn alien baby"
1274,spider-man,19,19
1275,spider-man 2,5,4 and Doc Ock
1282,spider-man 3,3,2 and the Venom Symbiote
739,splice,8,"3 people, 1 Ginger, 1 Fred, 1 rabbit, 1 cat and 1 Dren"
453,spy who loved me,111,"44, a fish, a shark and two submarines full of guys in orange jumpsuits. Oh, and two bitches banged"
830,stag night,12,11 and a dog
1951,stage fright,7,7
1782,stake land,43,"20 people, 20 vampires, a forest animal, a baby and a fetus"
2063,stalled,4,3 people and 1 zombie
1973,stand by me,0,0
447,star trek (2009),5999995636,"5,999,995,635 and one alien creature"
1965,star trek ii: the wrath of khan,27,25 and 2 earwigs
1966,star trek iii: the search for spock,97,95 plus 1 space-snake alien life form and 1 Klingon spacedog
1967,star trek iv: the voyage home,0,0
1968,star trek v: the final frontier,4,3 and 1 god dude
2114,star trek vi: the undiscovered country,500015,"500,011 Klingons, 3 humans and 1 Chameloid"
2115,star trek: generations,394,384 plus 2 Romulans and 8 Klingons
1938,star trek: the motion picture,2412,"2,412"
749,star wars: episode i - the phantom menace,162,"21, 3 gungam mounts, 4 destroyers, 2 tattooine lizard rats, 130 droids, 1 black gooberfish, and 1 eel-igator. Also 0 motherfuckers from Samuel L. Jackson."
751,star wars: episode ii - attack of the clones,200697,"128 (including Jango Fett) plus 2 extremely poisonous giant centipedes, 1 giant alien saber-rat, 1 space beast, 1 space rhinocerous, 1 Mary-beast, 2 AT-TE walkers, 377 droids, 25 big-boned droids, 1 spider droid, 8 roller droids, 2 destroyers, and 1 ball ship."
756,star wars: episode iii - revenge of the sith,353646,"117 plus 88 droids, 2 destroyers, 2 horseshoe crab ships, half of General Grievous's ship, 4 starfighters, 1 vulture droid, 8 buzz droids, 5 big-boned droids, 6 jedi-looking droids, 2 rolling water droids, 2 spider droids, 2 flying saucer ships and a hovertank."
758,star wars: episode iv - a new hope,1972739840,"115 plus 9 jawas, 6 X-Wings, 8 TIE Fighters, 3 Y-Wings, the entire planet of Alderaan and one Death Star"
780,star wars: episode v - the empire strikes back,136,"38, 2 tauntauns, 1 probe droid, 2 AT-AT Imperial Walkers, 4 TIE fighters and one mynock"
786,star wars: episode vi - return of the jedi,2615849,"76 (including Yoda, Boba Fett, Jabba the Hut, the Emperor and Darth Vader) plus 1 rancor, 1 Jabba-snack (a.k.a. frog), 1 space slug, 5 ewoks, 4 X-Wings, one rebel fighter, one kamikaze rebel fighter, 3 AT-ATs, 10 TIE Fighters, 2 rebel cruisers, 2 star destroyers and one unfinished death star."
634,stardust,17,"8 plus 4 witches, 1 star, 1 ferret, 1 small alligator, 1 goat and 1 unicorn"
1596,starman,0,0
151,starsky & hutch,3,"1, an iguana tail and a pony"
1515,stash house,7,6 and a raccoon
1792,state of emergency,9,1 and 8 infected
583,state of play,5,5
816,staten island,7,7
1518,static (aka glitch),4,4
92,stay alive,10,9 and a vampire
1564,stoker,6,5 and a bird
930,stone,3,2 and a fly
75,storm of the century,11,11
1338,straight as,1,1
944,strange brew,2,2
233,strange days,13,12 and a dog
1145,strangeland,3,3
686,strangers on a train,3,3
411,street kings,12,12
1546,street trash,13,13
1997,stretch,1,1
158,striptease,2,2
862,sucker punch,1,1
1495,sudden death,36,36
374,suicide club,80,78 and 2 small animals
1869,sunset strip,0,0
1511,sunshine cleaning,2,2
900,super,19,19
802,super 8,9,9
961,superfly,2,2
1291,supergirl,1,1
1273,superman,2000000004,4 and the planet Krypton
1296,superman ii,10,9 and a snake
1320,superman iii,1,1 self aware supercomputer
1352,superman iv: the quest for peace,1,Nuclear Man
2053,superman returns,2000000005,"5 people, 1 dog and Krypton"
538,superstar,2,2
455,surrender dorothy,1,1
734,surrogates,13,13
711,survival of the dead,96,"94, a pig, and a horse"
1053,suspicion,2,2
1181,sutures,16,16
356,swat,20,20 and 0 motherfuckers
258,sweeney todd: the demon barber of fleet street,15,12 and 3 bugs
348,sweet home alabama,1,1 mosquito
1342,sweet karma,9,9
251,swimming pool,1,1
142,swordfish,37,36 and a yacht
1870,sympathy for delicious,1,1
927,syriana,10,10
1263,take me home,1,1
1673,take this waltz,0,0
586,taken,20,20
1215,taken 2,26,26
2006,taken 3,18,18
1097,tales from the crypt: demon knight,22,12 and 10 demons
1969,tammy,0,0
964,tangled,1,1
1313,tank girl,95,"93 people, 1 Ripper and a yak"
1791,tarzan,12,"3 people, 1 gorilla, 1 gorilla baby, 1 leopard and 6 bugs"
1604,tattoo a love story,0,0
365,taxi driver,4,4
250,team america: world police,2066,"2,066 plus 1 motherfucker from Samuel L. Jackson's puppet."
1372,ted bundy,18,18
1006,teeth,2,2
1828,teeth & blood,4,1 human and 3 vampires
738,tenebre,12,12
129,terminator 1,39,"37, 1 machine and 1 terminator"
130,terminator 2: judgment day,13,"10, 1 flying machine and 2 terminators"
153,terminator 3: rise of the machines,3000000022,"3,000,000,017, one TX, two T-1's, one T-101, and one flying thing"
613,terminator salvation,500070,"53, 5 terminators, 2 motorcycle killing machines, 2 hunter killers, 8 face-eating water snake machines (a.k.a. machine face snake eaters) and Skynet Central"
1784,texas chainsaw 3d ,14,14
305,thank you for smoking,1,1
882,thankskilling,12,"10 plus 1 dog, 1 baby bunny and a turkey rape"
360,the	thing,24,"12 people, 5 dogs and 7 ""things"""
851,the a-team,25,25
1205,the afflicted,6,6
837,the american,9,9
241,the anarchist cookbook,17,17
1190,the andromeda strain,13,"3 people, 6 birds, 3 rats and a monkey"
1871,the angriest man in brooklyn,2,1 and a cat
2048,the art of the steal,0,0
1909,the aviator,3,3
1867,the babadook,61,1 dog and 60 worms
7,the baby,3,a disappointing 3
1606,the babymakers,0,0
656,the babys room,1,1
492,the basketball diaries,2,2
1266,the baytown outlaws,44,44
801,the beach,8,8
2148,the beaver,0,0
1666,the best exotic marigold hotel,1,1
1261,the best exotic marigold hotel,1,1
1964,the best of times,0,0
2108,the beyond,16,16
238,the big lebowski,1,1
1621,the big wedding,0,0
1315,the big white,1,1
1632,the birdcage,0,0
545,the birds,20,3 and 17 birds
737,the blind side,1,1
1878,the bling ring,0,0
232,the blob (1958),6,6
417,the blob (1988),28,27 and a rat
683,the book of eli,53,51 plus a cat and a bird
342,the boondock saints,36,35 and a cat
494,the boondock saints ii: all saints day,56,56
1371,the box,8,8
597,the box (2009),3,3
37,the break-up,1,1 relationship
1648,the breakfast club,0,0
64,the bride,5,4 and a midget
1026,the butcher (2006),8,8
1492,the butcher (2007),4,4
1525,the butcher (2009),35,35
1212,the butchers,12,3 people and 9 chickens
221,the butterfly effect,1,1 unborn child. Unless you watch the theatrical version and then it's ZERO.
1883,the cable guy,0,0
1762,the call,2,2
849,the card player,8,7 and a radio
255,the cave,9,6 and 3 cave creatures
1979,the chair,3,3
1814,the china syndrome,1,1
523,the christmas season massacre,9,9
697,the christmas tale,4,4
1758,the chronicles of riddick,2000177,"80 humans, 96 Necromongers (aka Monger Lords), 1 quasi dead and a planet"
553,the chumscrubber,1,1
1955,the cider house rules,9,4 people and 5 fetuses
460,the city of lost children,9,"5 plus a set of siamese twins, a dwarf and a parakeet"
1425,the cold light of day,19,19
1908,the collection (2012),129,"126, 2 dogs and 1 large cockroach"
464,the collector,11,"7, 1 cat, 2 fish and 1 dog"
1393,the conjuring,7,1 dog and 6 birds
1403,the conspirator,6,6
173,the contract (2006),14,14
1561,the counselor,8,8
559,the craft,10,3 and 7 sharks
681,the crazies (2010),1266,"1,266"
1711,the croods,23,"17, a ram bird egg, a land whale, a mammoth, a scorpion, a bird crocodile and a giant flying bug"
2130,the crow,27,27
1226,the curve,2,2
2096,the da vinci code,18047,"18,047"
1308,the darjeeling limited,1,1
1455,the dark crystal,7,"2 Skeksis, 2 Mystic, 2 Landstriders and a crawly"
1324,the dark knight rises,112,111 plus Bane
145,the dead girl,1,1
1254,the dead one (el muerto),3,3
1395,the deer hunter,36,34 and 2 deer
1219,the dentist,4,3 and a dog
88,the departed,20,19 and a fly
207,the descent,17,"7, plus 10 mutant-things"
1507,the details,4,"1, a fetus, a cat and a racoon"
1239,the devil inside,1,1
1584,the devils carnival,3,3
51,the devils rejects,20,20
1892,the diving bell and the butterfly,0,0
899,the donner party,8,"6, a bear and a deer"
859,the doom generation,9,8 and 1 dog
706,the emperors new groove,2,2 bugs
1961,the equalizer,22,22
1934,the exorcist,4,4
640,the expendables,165,165
1396,the expendables 2,417,417 (203 before the title)
1471,the extra man,1,1
1963,the faculty,5,"3 people, 1 rat and 1 parasite spitting alien queen"
1993,the fall of the house of usher,3,3
353,the family stone,1,1
1037,the family tree,1,1
776,the farmers wife,1,1
660,the fast and the furious: tokyo drift,1,1
209,the fifth element,320,"22 humans, plus an entire space battleship, 26 mangolores, 3 mondoshawans, 17 parasites, one cockroach and one diva"
1184,the fish child,5,3 people and 2 dogs
1746,the five-year engagement,4,4
1962,the fly (1986),2,1 baboon and 1 Brundlefly
554,the fourth kind,4,4
93,the french connection,13,13
1454,the frighteners,21,20 and a fly
395,the fugitive,7,7
1754,the game,1,1
746,the gate,1,1 demon lord
787,the ghost writer,3,3
1643,the giant mechanical man,0,0
775,the girl who played with fire,4,4
1070,the girl with the dragon tattoo,4,3 and a cat
1764,the glass house,7,7
943,the godfather,19,18 and a horse
337,the golden compass,55,54 and an ice bear
915,the good girl,2,2
774,the good son,3,2 and a dog
645,the goods: live hard sell hard,1,1
1541,the grand budapest hotel,12,11 and a cat
773,the gravedancers,6,6
1448,the great gatsby (2013),3,3
1440,the great muppet caper,1,1 fly
279,the green mile,7,7
1856,the grudge,11,10 and a cat
1718,the guilt trip,0,0
1301,the hangover part iii,9,"4 people, 2 chickens, 2 dogs and a giraffe"
329,the happening,47,47
2091,the hateful eight,14,14 people and 2 motherfuckers
465,the haunting in connecticut,6,6
1497,the heat,5,5
1394,the help,3,"1 person, 1 fetus and a chicken"
1990,the hills have eyes (1977),10,"7, a spider, a dog and a bird"
115,the hills have eyes (2006),19,"15, 1 fish, 1 lizard, 1 dog and 1 bird"
2037,the hills have eyes 2 (2007),17,16 and a rat
1991,the hills have eyes part 2 (1985),7,7
128,the hitcher 	 ,23,"21 people, 1 rabbit and 1 dragonfly"
170,the hitchhikers guide to the galaxy,6486329384,"Planet Earth, minus 2 people, minus 2 aliens, and minus all of the dolphins. Plus 2 crabs, 1 sperm whale, 1 bowl of petunias and an entire battle fleet of strange and warlike beings resplendent in black jeweled battle shorts. Plus two mice."
1485,the hobbit: an unexpected journey,308,"13 men, 55 dwarves, 33 orcs, 3 trolls, a stone-giant, 185 goblins, the Goblin King, 16 wargs and a snail"
1188,the hole,4,4
1655,the holiday,0,0
2134,the hollow,21,20 and a dog
254,the hollywoohe sd strangler meets the skid row slasher,12,12
1824,the horse whisperer,1,1
1735,the hot flashes,0,0
1862,the house october built,0,0
1328,the house of the devil,3,3
265,the hudsucker proxy,2,2
772,the human centipede,6,6
950,the hunger games,26,"22, a bird, a lizard, 2 squirrels and a placemat"
535,the hurt locker,19,18 and a fly
299,the ice pirates,20,"10 humans, 1 frog lady and 9 robots"
1251,the imaginarium of doctor parnassus,9,"6, 2 flies and a chicken"
1310,the immaculate conception of little dizzle,4,4 blue butt fish babies
1300,the incredibles,24,"17, 5 bugs and 2 Omnidroid robots"
469,the international,16,16
1669,the internship,0,0
1765,the interview,30,29 and a tiger
2138,the invasion,305,303 and 2 dogs
478,the invention of lying,1,1
107,the island,64,"22, plus 2 police officers and 40 ""defective"" (read: free-thinking) clones"
1167,the jackal,18,18
1912,the judge,2,2
1351,the karate kid (2010),1,1 fly
784,the killer inside me,11,11
1056,the killing jar,8,8
508,the killing room,3,3
1684,the kitchen,0,0
1505,the lady vanishes,6,6
910,the lake house,1,1
555,the langoliers,3,3
771,the last airbender,2,2
770,the last exorcism,4,3 and a kitty
1418,the last godfather,4,4
312,the last house in the woods,10,10
1526,the last house on the left,6,6
359,the last house on the left,6,6
1204,the last lovecraft: relic of cthulhu,29,"17 people, 1 merman, 2 deep sea creature pets, 1 half-breed, 1 star slayer scream dude, 5 elder things and 2 dinosaurs"
1866,the last man,0,0
223,the last samurai,1592,"1,562 people and 30 horses"
1619,the last word (2008),0,0
2133,the lazarus effect,3,2 and a dog
190,the league of extraordinary gentlemen,82,82
1213,the ledge,1,1
1504,the legend is born: ip man,6,5 and an unborn child
2090,the lego movie,451,"444, 1 cow, 5 horses and 1 unicorn/pegasus"
122,the life aquatic with steve zissou	 ,13,"11, 1 research turtle and 1 rhinestone bluefin"
1475,the lifeguard,1,1
1384,the lincoln lawyer,2,1 and a dog
1186,the little girl who lives down the lane,3,2 people and a hamster
1745,the little mermaid: ariels beginning,1,1
493,the living daylights,22,22 and 2 bitches banged
1984,the loft,2,2
1321,the longest yard,2,1 and a Bentley
745,the lookout,7,7
1388,the lorax,1,1 firefly
692,the losers,61,"40 and a teddy bear before the opening title, then 20 more"
85,the lost boys,14,9 humans and 5 vampires
835,the lovely bones,2,2
658,the machinist,1,1
346,the magician,1,1
1392,the magician ,2,2
458,the magnificent seven,55,55
657,the man from earth,1,1
695,the man who knew too much (1934),8,8
805,the man who knew too much (1956),3,3
444,the man with the golden gun,7,7 and 2 bitches banged
2088,the mangler,7,7
2100,the mangler 2,8,8
2106,the mangler reborn,6,6
1346,the mask,7,7
644,the matrix,43,"42, a tracer bug, and Neo's doubt"
1161,the mechanic,29,29
908,the mechanic,17,17
518,the men who stare at goats,3,2 and a goat
146,the messengers,6,4 and 2 crows
390,the midnight meat train,17,17
1154,the missing,28,"25 people, a deer and 2 horses"
556,the monster squad,14,"7 people, 4 vampires, a mummy, a wolfman and a creature from the black lagoon"
1706,the monuments men,5,5
60,the mosquito coast,4,4
552,the muppet movie,1,1 fly
2113,the muppets take manhattan,0,0
121,the nest,48,"7 people, 1 dog, 1 rat, 1 cat-roach, 1 roach-man, 1 Roach Master Deluxe and at least 36 roaches"
1947,the newton boys,0,0
1406,the next karate kid,1,1 spider
674,the nightmare before christmas,2,1 and a scorpion
1750,the normal heart,4,4
184,the notebook,6,6
171,the number 23,3,3
574,the objective,10,10
1482,the odd life of timothy green,1,1
263,the opposite of sex,1,1
682,the order,8,8
1153,the other guys,6,6
2013,the other woman,0,0
1948,the others,0,0
731,the outsiders,3,3
1845,the passion of the christ,4,3 and a snake
1048,the people under the stairs,6,5 and a dog
1330,the perfect family,1,1 fetus
2036,the perfect host,0,0
1444,the perks of being a wallflower,1,1
1661,the pill,0,0
1509,the place beyond the pines,1,1
2128,the poker house,0,0
102,the prestige,108,105 and 3 birds
1676,the princess bride,0,0
1646,the prophecy,6,4 people and 2 angels
1650,the prophecy 3: the ascent,4,2 people and 2 angels
1647,the prophecy ii,9,5 people and 4 angels
1653,the prophecy: forsaken,2,2
1652,the prophecy: uprising,18,18
1345,the puffy chair,1,1 puffy chair
855,the puppet masters,203534,"26 people and 203,508 aliens"
1545,the purge,19,19
2017,the purge: anarchy,52,52
1785,the pursuit of happyness,0,0
769,the quiet,1,1
2145,the raven,9,8 and a raven
1030,the recruit,2,2
1710,the rescuers,0,0
1510,the rescuers down under,1,1
235,the return,2,2
1627,the return of jafar,1,1
2082,the ridiculous 6,3,2 and a horse
789,the rite,4,4
609,the road,6,6
799,the road warrior,48,"46, 1 bunny, and 1 dog"
328,the rocky horror picture show,4,4
1036,the roommate,3,2 and a kitten
87,the running man,96,"18 before the opening titles ended, 60 innocent men, women & children, 4 stalkers and then 14 more people"
2012,the sacrament,167,167
1893,the samaritan,7,7 and 0 motherfuckers
1185,the santa clause,1,1 Santa
78,the scorned,42,"4, plus 1 death by a kamikaze goldfish, 2 deaths by lava lamp, one phone and all of the careers of the ""actors"" involved in making this movie."
1536,the seasoning house,17,17
386,the secret life of bees,3,2 and a cockroach
1802,the secret life of walter mitty,0,0
431,the secret of nimh,3,3 rats
212,the shadow walkers,35,"15 before the opening titles and then 12 more, plus 8 genetically-altered mutants"
1288,the shining,5,5
401,the signal,53,53
217,the simpsons movie,106,"2, plus all 3 members of Green Day, 77 fish and 24 swallows"
2062,the sisterhood of night,1,1
291,the sisterhood of the traveling pants,1,1
2110,the sixth sense,4,4
83,the skeleton key,3,3
631,the skin game,3,1 plus a fetus and a tree
2029,the snowtown murders,7,"3 people, 1 dog and 3 deer"
327,the spongebob squarepants movie	 ,2,2 fish
778,the square,6,5 and a doggie
1155,the stepfather (1987),3,3
1156,the stepfather (2009),4,4
1988,the stranger,14,"12, a cat and a mouse"
382,the strangers,2,2
548,the super ninja,33,33
1728,the switch,10,A headful of lice
2158,the taking of deborah loagn,1,1
468,the taking of pelham 1 2 3 (2009),7,7
1163,the taking of pelham one two three,5,5
1498,the tale of sweeney todd,4,4
1519,the talented mr ripley,5,4 and an unborn child
1220,the tall man,1,1
817,the texas chainsaw massacre (1974),5,5
818,the texas chainsaw massacre (2003),8,8
942,the texas chainsaw massacre 2,8,8
33,the texas chainsaw massacre: the beginning,11,10 and a cow
147,the thirst,191,"39, a club full of people and 2 cats"
1857,the thirteenth floor,6,6 simulations
700,the time travelers wife,4,2 and 2 fetuses
766,the tingler,2,2
282,the tommyknockers,12,4 and 8 aliens
1327,the tortured,2,2
691,the tourist,5,5
768,the tournament,45,"43, 1 dog and 1 fetus"
767,the town,6,6
1945,the town that dreaded sundown (2014),15,15
2078,the toxic avenger part ii,50,"48, 1 horse and 1 fish-head guy"
2079,the toxic avenger part iii: the last temptation of toxie,7,7
567,the transformers: the movie,2500000036,"1 robot planet, 7 autobots, 16 decepticons, 5 robot fish, 5 sharkticons, 2 random robots and Unicron"
372,the tripper,26,24 and 2 dogs
1696,the truman show,0,0
2093,the turin horse,0,0
2141,the twelve chairs,1,1
1826,the uninvited (2009),0,0
1453,the united states of leland,1,1
290,the usual suspects,42,41 and a dog
517,the valley of the bees,9,8 and a deer
1590,the vicious kind,0,0
926,the violent kind,5,5
865,the virgin suicides,5,5
1645,the vow,0,0
441,the warriors,2,2
1524,the watch,117,"4 people, a cow, and 112 aliens"
2147,the watcher,12,12
1194,the way of the gun,16,16
266,the wild,1,1 wildebeest
1585,the wild bunch,1145,"138, 2 horses, 5 scorpions and 1,000 ants"
1894,the winning season,0,0
1548,the witches,5,"2 people, 2 witches and the Grand High Witch"
623,the wizard of gore,2512,"6, 1 leech, 5 rats and 5 handfuls of maggots"
506,the wizard of oz,2,2
811,the wolf man,4,2 and 2 wolfmen
1958,the wolf of wall street,7,"5 people, a fish and a seagull"
728,the wolfman (2010),21,21
2070,the wolverine,39048,"39,046 plus a bear and a mutant"
1334,the woman,6,"4 people, a wolf and a fish"
1493,the woman in black,8,8
519,the world is not enough,62,62 and 3 bitches banged
1767,the yards,2,2
443,the zombie diaries,28,28
2085,theatre of blood aka theater of blood,13,11 and 2 dogs
1506,thelma & louise,1,1
267,there will be blood,12,5 and 7 quail
1890,they came together,1,1
182,things to do in denver when youre dead,15,15
1109,thinner,6,6
1876,this is the end,37,36 and a demon
1976,this is where i leave you,0,0
981,this means war,22,22
879,thor,148,"146, 1 Giant Ice Monster and 1 Destroyer"
268,three kings,22,21 and a cow
1489,thumbelina,2,1 fly and 1 frog
428,thunderball,45,"44, a shark, and 3 bitches got banged"
1116,thursday,19,18 and a fetus
642,thx 1138,68,"63 plus 1 mate, 2 robot police officers, 1 hologram dude and a fetus"
355,til there was you,1,1
61,time bandits,1552,"37, plus 1 minotaur, 1 rat, 1 Evil Genius and everyone that died on the Titanic"
313,timecrimes,1,1
1025,tiny furniture,1,1 hamster
564,titanic,1534,"1,522 and 12 dogs"
1715,titus,12,11 and a fly
717,to catch a thief,1,1
1419,toast,2,2
82,tombstone,31,31
1910,tommy,3,3
512,tomorrow never dies,819,819 and 2 bitches banged
2146,tomorrowland,22,"5 people, 16 AA units and 1 bird"
1058,too young to die?,1,1
886,tooth & nail,20,20
829,top secret!,24,"22, a cricket and a carrier pigeon"
2155,torment,7,6 and a dog
101,total recall,68,"49, plus 16 fish, 1 rat, 1 Jonny Cab and 1 three-breasted mutant hooker"
1231,total recall (2012),50201,"195 people, 50,006 synthetic police"
2060,touchy feely,0,0
1079,toxic avenger,23,22 and a dog
1796,toy soldiers,18,18
1935,traffic,7,7
311,trailer park of terror,10,10
960,train,10,10
376,trainspotting,2,1 and a baby
630,traitor,63,63
1637,trance,5,5
1837,transcendence,17,17
234,transformers,2024,"2,019 humans, 1 Autobot, 3 Decepticons and 1 baby Decepticon"
1535,transformers: dark of the moon,129069,"129,017 people, 34 Decepticons, 7 Autobots, 10 more robots and a bird"
451,transformers: revenge of the fallen,7071,"7,049 people, 14 Decepticons, 5 baby Decepticons, 1 Decepticon hatchling, 1 Autobot that used to be a Decepticon, and 1 goat"
572,transporter 3,20,19 and a fish
38,trapped,1,1
1888,trauma (1993),13,"10 people, 1 butterfly, 1 lizard and a decapitated newborn"
1897,trauma (2004),1,1
1112,traveler,6,6
1574,trees lounge,1,1 and 0 motherfuckers
90,tremors,34,"9 people, 20 sheep, 1 horse, 4 graboids"
91,tremors 2: aftershocks,75,"3, plus 1 coyote and 71 graboids"
139,tremors 3: back to perfection,45,"5 people, 30 shreikers, 2 cows, 1 graboid and 7 assblasters"
150,tremors 4: the legend begins,33,29 and 4 dirt-dragons
1852,trespassing aka evil remains,7,7
1298,trial of the incredible hulk,2,2
1130,trick r treat,10,10
17,troll,5,"3 people, 1 demon and a cop"
19,troll 2,10,5 people and a witch and some goblins via a double decker bologna sandwich and dear god I wish I was kidding.  Terrible.
1926,trollhunter,8,"3 people, 4 trolls and 1 sheep"
1569,tromeo and juliet,8,7 and a mouse
694,tron,29,"19 programs, 7 recognizers, 2 tanks and 1 master control program"
412,tropic thunder,4,"1, a bat, a panda and a Tivo"
892,true grit,14,11 and 3 horses
1355,true lies,87,87
569,true romance,20,20
1311,truth or die,7,7
1209,tucker & dale vs evil,14,14
1544,tuesdays with morrie,1,1
112,turistas,10,10
557,turok: son of stone,158,"149 people, 2 horses, 2 bucks, a monkey, a bug, a sea monster, an elephant and a pterodactyl"
863,twelve,7,7
1937,twelve monkeys 12 monkeys,8,7 and a spider
470,twilight,5,"2, a vampire and 2 deer"
186,two brothers,2,2 tigers
885,two hands,8,8
1849,ultimate avengers: the movie,84,30 people and 54 aliens
378,ultraviolet,311,310 and an unborn child
1933,unborn the unborn,7,7
1286,uncertainty,1,1
646,undead or alive,32,"30, a horse, and a chicken"
1769,under the tuscan sun,1,1 scorpion and a washing machine
349,undercover brother,8,8
76,underworld,45,"15 vampires, 29 lycan and one half lycan, half vampire fetus"
1160,unknown,10,9 people and 2 taxis
889,unrest,7,7
599,unthinkable,55,55 and 0 motherfuckers
833,up,2,2
414,up in smoke,2,1 bird and 1 dog
760,up in the air,1,1
140,v for vendetta,64,64
1614,valhalla rising,16,16
1158,valkyrie,2015,2014 and a mosquito
870,vampires suck,8,7 and a cat
1860,vanilla sky,1,1
1413,vanity fair,13302,2 and the Battle of Waterloo
178,venom,11,11
1523,veronica mars,2,2
730,vertigo,3,3
834,very bad things,6,6
483,view to a kill,29,29 and 4 bitches banged
1179,vile,9,8 and a fetus
1141,village of the damned,4063,"4,054 people, 8 creepy alien kids and 1 stillborn alien baby"
1810,violet & daisy,20,20
1358,virginia,1,1
1654,wag the dog,4,4
1420,wake the witch,2,2
1610,waking madison,0,0
1980,walk of shame,0,0
2000,wanted,662,"158 people, 501 rats and 3 flies"
502,war inc,50,49 and a scorpion
1046,watchers,20,13 and 7 research animals
1018,watchmen,15000044,"15,000,040, a fetus, 2 dogs and Bubastyx (the genetically engineered tiger-lynx hybrid)"
1253,water for elephants,6,5 and a horse
2129,we are marshall,75,75
2142,we are what we are,9,"7, 1 dog and 1 baby deer"
1665,we need to talk about kevin,5,4 and a guinea pig
160,we were soldiers,1753,"1,753"
1016,weather man,1,1
1491,weirdsville,6,5 and a rat
2152,welcome to me,0,0
1399,were the millers,1,1 shark
269,wes cravens new nightmare,5,4 and Freddy again
192,wet hot american summer,2,2
1617,what doesnt kill you,0,0
1601,what dreams may come,4,4
415,what ever happened to baby jane?,3,"1, a bird and a rat"
1699,what planet are you from?,2,2
1400,what to expect when youre expecting,1,1 fetus
2033,what we do in the shadows,9,"6 people, 2 vampires and a chicken"
1607,whats eating gilbert grape,3,2 and a grasshopper
1763,where the wild things are,0,0
2119,while the children sleep aka the sitter,4,4
1941,whiplash,1,1
1949,white bird in a blizzrd,1,1
2032,white chicks,0,0
1428,white irish drinkers,1,1
2026,white rabbit,3,1 person and 2 rabbits
1737,white reindeer,1,1
636,whiteout,10,10
486,who framed roger rabbit,9,2 people and 7 toons
304,who is kk downey?,1,1
1848,why stop now,0,0
2043,wicked blood,9,9
2004,wild,2,1 mom and 1 horse
2049,wild at heart,9,8 and a fetus
2105,wild cherry,0,0
617,wild oranges,3,3
1875,wild things,3,3
798,willow,36,"33, plus 1 ""dog"" (looks more like a cross between a boar and a giant rat), 1 troll, and 1 two-headed beast "
1233,winters bone,4,4 squirrels
1775,winters tale,19,19
2124,wishful thinking,0,0
1104,wishmaster,1,1
1133,wishmaster 2: evil never dies,2,2
1138,wishmaster 3: beyond the gates of hell,8,8
1166,wishmaster 4: the prophecy fulfilled,8,7 and the Djinn
1994,wolf (1994),5,4 and a deer
1882,wolfcop,23,20 people and 3 shapeshifters
1257,wonder woman,96,"85, 2 fire breathing dragon dogs, 1 cyclops, 1 pegasus, 1 minotaur, 1 rat, 3 gargoyles, Deimos & Ares"
67,wonderland,4,4
1668,wont back down,0,0
1059,world unseen,1,1
1017,worlds greatest dad,1,1
1557,would you rather,9,9
1971,wreck-it ralph,10011,"2 and 10,009 Cy-Bugs"
1656,wreckage,8,7 and a dog
676,wristcutters: a love story,9,9
2,wrong turn,8,8
1927,wyrmwood: road of the dead,70,8 people and 62 infected
1080,x,5,5
1028,x-men,6,5 and a bird
449,x-men origins: wolverine,48,47 and a bear
1197,x-men: first class,64,62 people and 2 mutants
1276,x2,33,31 and 2 mutants
2058,yelling to the sky,1,1
1981,you dont know jack,130,130
435,you only live twice,77,77 and 3 bitches banged
592,young and innocent,1,1
1839,young frankenstein,0,0
596,young guns ii,21,21
1361,your highness,26,"22 people, a pixie, a minotaur, mother witch and Leezar"
941,youth in revolt,1,1
94,zodiac,3,3
2157,zombeavers,9,"2 people, 1 deer, 2 dogs, 3 Zombeavers and 1 infected Zombeaver chick"
4,zombie honeymoon,10,10
1952,zombie hunter,58,"4 people, 50 zombies, 1 cat and 3 out of place aliens"
350,zombie strippers,44,43 and a fly
566,zombieland,149,148 plus Bill Murray
627,zombies of mass destruction,34,34
611,zoolander,3,"3 really, really ridiculously good-looking models "
1463,zulu,372,"369 people, a cheetah, a gazelle and a cow"
