movieskey,moviename,deathcount,deathcomment
1,King Kong ,71,"26 with Ape. Also 3 dinosaurs, 4 T-Rexes, 35 various giant insects and 3 giant bats."
2,Wrong Turn,8,"8	"
3,"Death to the Supermodels	",7,7
4,"Zombie Honeymoon	",10,"10	"
5,"Ginger DEAD Man	",7,6 and a cookie
6,Punisher,58,58
7,The Baby,3,a disappointing 3
8,"Return of the Living Dead: Necropolis	",103,103
9,"Jeepers Creepers	",8,8
10,"Jason X	",250023,"250,023"
11,"Final Destination	",292,"292	"
12,"Killer Klowns from Outer Space	",65,"43, plus 19 klowns, 1 dog, 1 balloon dog and a puppet"
13,"Mr. Jingles	",17,17
1346,The Mask,7,7
14,"Satan's Little Helper	",16,15 and a cat
15,"Death Tunnel	",7,7
16,Andre the Butcher,15,15
17,Troll,5,"3 people, 1 demon and a cop"
18,Hatchetman,9,"7, one 1/2 dead hatchetman, and one doomed engagement"
19,Troll 2,10,5 people and a witch and some goblins via a double decker bologna sandwich and dear god I wish I was kidding.  Terrible.
20,Katiebird,4,4
21,Child's Play,10,5 and 5 rats
1520,Pitch Black,63,40 and 23 aliens
22,"Child's Play 2	",8,7 and a doll
23,Child's Play 3,8,7 and a doll
24,Bride of Chucky,10,"8 and 1 and 1/2 dolls. Also, one killer baby doll was spewed.	"
25,"Seed of Chucky	",12,10 and 2 dolls
26,Ed Gein,8,"6, a pig and a rat"
27,Alien vs. Predator,2350,"26 humans, 6 predators, 85 face huggers, 2,233 aliens and 1 baby alien"
28,Are you Scared?,7,7
29,Amityville Horror (2005),7,6 and a dog
30,O,5,5
31,Pet Sematary,11,"9, 1 cat and 1 mouse"
32,Beyond the Wall of Sleep,17,"15, 1 fly and 1 monster"
33,The Texas Chainsaw Massacre: The Beginning,11,10 and a cow
34,Club Dread,13,"3 before the credits, then 10 more. And 2 quotes."
35,Resident Evil,30,"21, 8 dogs and 1 licker"
36,Resident Evil: Apocalypse,50120,"111, plus 1 that we almost missed because we were too busy talking about sex, 4 dogs, 3 lickers and an entire city (including 1 nemesis boyfriend)"
37,The Break-Up,1,1 relationship
38,Trapped,1,1
39,Little Shop of Horrors,3,"2 and a plant<br />(However, in the original ending that Frank Oz shot, the true body count would be 4 and no plant. Test audiences hated this ending "
40,Pet Sematary II,34,"7 people, 2 dogs (1 euthanized, 1 shot), 3 kittens, 22 rabbits, and 1 zombie rape"
41,Mutant,30,29 and 1 Monte Carlo
42,Formula 51,16,"15 and 1 exploded Meatloaf, plus Samuel L. Jackson said motherfucker 5 times."
43,Lucky Number Slevin,22,"20 people, 1 horse, and 1 apartment"
44,Monster House,2,1 and a monster house (More people were eaten by the monster house but at the end they magically reappeared and we had to cross them off the list.)
1387,Life of Pi,328,"25, a goat, a giraffe, a camel, an ostrich, a warthog, 6 birds, 5 monkeys, an ibex, a cheetah, a hippo, 2 orangutans, a rhino, a zebra, a hyena, a rat, 2 big fish, a boatload of flying fish, 45 jellyfish, 40 fish eaten by acid and 61 meerkats"
45,Hellraiser ,7,6 and 1 rat
46,Hellraiser II: Hellbound,33,33
47,Dead Alive,41,"37, 1 rat monkey, 1 monkey, 1 dog and 1 rat"
48,Pumpkinhead,8,7 and a demon
49,Gremlins,132,3 people and 129 gremlins
50,House of 1000 Corpses,15,15
51,The Devil's Rejects,20,20
52,Hellraiser III: Hell on Earth,178,177 people & 1 head explosion
53,Hellraiser IV: Bloodline,15,"12 plus 1 dove, 1 demon dog, and 1 robot (exploded)"
54,Hellraiser V: Inferno,9,9
55,Hellraiser VI: Hellseeker,5,5
56,Little Nikita,5,5
57,Night of the Living Dead (1990),19,19
58,Bad Santa,1,1
59,Pulse,7,6 and a plane
60,The Mosquito Coast,4,4
61,"Time Bandits	",1552,"37, plus 1 minotaur, 1 rat, 1 Evil Genius and everyone that died on the Titanic"
62,Munchies,13,"2 people, 8 munchies and some tropical fish"
63,Gremlins 2: The New Batch,325,"3 people, 322 gremlins"
64,The Bride,5,4 and a midget
65,Hellraiser VII: Deader,11,11
66,Hope Floats,1,1
67,Wonderland,4,4
68,Drop Dead Gorgeous,7,"5, plus a trailer exploded and one girl lost her hearing	"
69,Primeval,20,20
70,Ghoulies,1,1 (I hate when people come back to life)
71,"Ghoulies II, Ghoulies 2",12,"7 people, 4 ghoulies, and one ghoulie eater"
72,Layer Cake,11,11
73,Bad Taste,66,"60, plus 5 seagulls and 1 sheep"
74,Parents,3,3
75,Storm of the Century,11,11
76,Underworld,45,"15 vampires, 29 lycan and one half lycan, half vampire fetus"
77,Open Water,3,2 whiny assholes and one underwater camera eaten by a mako shark
78,The Scorned,42,"4, plus 1 death by a kamikaze goldfish, 2 deaths by lava lamp, one phone and all of the careers of the ""actors"" involved in making this movie."
79,In Her Shoes,1,1 old man
80,Final Destination 2,26,26
81,Children of Men,15043,"39, a dog, 3 crispy cows and a refugee camp"
82,"Tombstone	",31,31
83,The Skeleton Key,3,3
84,Final Destination 3,14,11 plus 2 fried bitches and a pigeon
85,The Lost Boys,14,9 humans and 5 vampires
86,Snatch,21,21
87,The Running Man,96,"18 before the opening titles ended, 60 innocent men, women & children, 4 stalkers and then 14 more people"
88,The Departed,20,19 and a fly
89,Millennium,14,13 and 1 personal robot
90,Tremors,34,"9 people, 20 sheep, 1 horse, 4 graboids"
91,Tremors 2: Aftershocks,75,"3, plus 1 coyote and 71 graboids	"
92,Stay Alive,10,9 and a vampire
93,The French Connection,13,13
94,Zodiac,3,3
95,Evil Breed: The Legend of Samhain,12,11 and 1 inbreed
1495,Sudden Death,36,36
96,Dark Town,25,"14 people, 9 vampires, 1 baby and 1 cat"
97,Night of the Comet,4769000095,The entire population of Earth in 1984 minus 6 people plus 2 cars
98,"Puff, Puff, Pass",1,1
99,"Let's Go to Prison	",1,1
100,Snakes on a Plane,118,"62 people, 54 snakes, 1 cat and 1 dog. Also, Samuel L. Jackson said motherfucker/ing five times."
101,Total Recall,68,"49, plus 16 fish, 1 rat, 1 Jonny Cab and 1 three-breasted mutant hooker"
102,The Prestige,108,105 and 3 birds
103,Dead Silence,7,6 and 1 unborn child
104,Cannibal! The Musical,8,"6 people, 1 snowman and 1 horse"
105,Sleepers,8,8
106,Beerfest,17,"4, a trophy, a deer, and a batch of monkey-frogs		"
107,The Island,64,"22, plus 2 police officers and 40 ""defective"" (read: free-thinking) clones"
108,Devour,12,"1 cougar, 10 people and 1 deer	"
109,Deep Evil,19,7 and 12 aliens
110,Rory O'Shea Was Here,1,1
111,Dark Water,1,1
112,Turistas,10,10
113,Black Christmas,7,7
114,"Face of Terror	",33,33
115,The Hills Have Eyes (2006),19,"15, 1 fish, 1 lizard, 1 dog and 1 bird"
116,Petrified,9,"6 people and 1 alien mummy destroyed by salt like a slug. Also, one woman's hair and one FBI partner mysteriously disappeared between one scene and the next."
117,Komodo vs. Cobra,19,"15, plus 1 yacht, 2 giant komodos and 1 giant cobra"
118,Kid with the Golden Arms,70,70
119,"Adrenalin: Fear the Rush	",17,17
120,Python,15,14 and 1 giant genetically-enhanced python
121,The Nest,48,"7 people, 1 dog, 1 rat, 1 cat-roach, 1 roach-man, 1 Roach Master Deluxe and at least 36 roaches"
122,"The Life Aquatic with Steve Zissou	 ",13,"11, 1 research turtle and 1 rhinestone bluefin"
123,Night Train to Terror,27,16 and 11 musicians
124,Platoon,570,569 and a pig
125,Napoleon Dynamite,1,1 cow
126,Party Monster,3,3
127,Alpha Dog,1,1
128,"The Hitcher 	 ",23,"21 people, 1 rabbit and 1 dragonfly"
129,"Terminator 1	",39,"37, 1 machine and 1 terminator"
130,Terminator 2: Judgment Day,13,"10, 1 flying machine and 2 terminators"
131,Pirates of the Caribbean: The Curse of the Black Pearl,17,"17	"
132,Pirates of the Caribbean: Dead Man's Chest,57,56 and a hermit crab
133,"Pirates of the Caribbean: At World's End	",88,88
134,Domino,24,22 and 2 goldfish
135,Apocalypto,66,"59 people, 1 tapir, 3 ants, 1 jaguar, 1 monkey and 1 snake"
136,"Farce of the Penguins	",3,3 penguins died and Samuel L. Jackson said motherfucker one time.
137,Monster,4,4
138,Smokin' Aces,35,35
139,Tremors 3: Back to Perfection,45,"5 people, 30 shreikers, 2 cows, 1 graboid and 7 assblasters"
140,V for Vendetta,64,64
141,Midnight Cowboy,1,1
142,Swordfish,37,36 and a yacht
143,"Blood and Chocolate	",12,12
144,"Heat	",18,18
145,The Dead Girl,1,1
146,The Messengers,6,4 and 2 crows
147,The Thirst,191,"39, a club full of people and 2 cats	"
148,Jarhead,753,"752 and a scorpion	"
149,Mr. Brooks,8,8
150,Tremors 4: The Legend Begins,33,29 and 4 dirt-dragons
151,Starsky & Hutch,3,"1, an iguana tail and a pony"
152,Reno 911!: Miami: The Movie,7,"5 people, 1 whale, and an ice cream truck"
153,Terminator 3: Rise of the Machines,3000000022,"3,000,000,017, one TX, two T-1's, one T-101, and one flying thing"
154,"History of Violence, A History of Violence",13,13
155,Ghost Rider,26,"21, 4 demons and an iguana	"
156,Art School Confidential,153,3 and an apartment building
157,Biker Boyz,2,2
158,Striptease,2,2
159,Live Free or Die Hard,41,41
160,We Were Soldiers,1753,"1,753"
161,Saw,7,6 and a foot
162,Saw II,9,9
163,"Network	",2,2
164,Flesh+Blood,40,"38, plus a dog and a stillborn baby"
165,Derailed,5,5
166,Saving Silverman,1,1
167,Big Nothing,5,5
168,Saw III,9,9
169,Premonition,3,2 people and 1 crow
170,The Hitchhiker's Guide to the Galaxy,6486329384,"Planet Earth, minus 2 people, minus 2 aliens, and minus all of the dolphins. Plus 2 crabs, 1 sperm whale, 1 bowl of petunias and an entire battle fleet of strange and warlike beings resplendent in black jeweled battle shorts. Plus two mice."
171,The Number 23,3,3
172,My Super Ex-Girlfriend,1,1 shark
173,The Contract (2006),14,14
174,Shaun of the Dead,35,34 and a pigeon
175,Evil Dead (1981),4,4
176,Evil Dead 2: Dead by Dawn,7,6 and a flying demon
177,A Nightmare on Elm Street ,4,4
178,"Venom	",11,11
179,"Pathfinder	",243,"240, 2 horses and 1 bear	"
180,Hot Fuzz,17,17
181,Bats,10264,"28 people and 10,236 bats"
182,"Things to Do in Denver When You're Dead	",15,15
183,"Mystery Men	",106,6 and a blown-up asylum
184,The Notebook,6,6
185,"Slow Burn	",8,7 and a fly
186,Two Brothers,2,2 tigers
187,I Think I Love My Wife,2,2 policemen
188,"Hostel	",12,12
189,187,6,"4 people, 1 rat and 1 dog. Samuel L. Jackson did not say motherfucker even once. Very disappointing."
190,The League of Extraordinary Gentlemen,82,82
191,A Nightmare on Elm Street 2: Freddy's Revenge,11,"4, plus 2 birds, 1 rat and 4 fish"
192,Wet Hot American Summer,2,2
193,Disturbia,6,"4, 1 deer and 1 rabbit"
194,Menace II Society,8,8
195,Practical Magic,4,4
196,"Panic Room	",2,2
197,A Nightmare on Elm Street 3: Dream Warriors,6,6
198,Rules of Engagement,97,97 and 5 motherfuckers from Samuel L. Jackson
199,"Rollercoaster	",21,"20, plus one mad bomber killed by irony"
200,"From Dusk Till Dawn	",94,23 humans and 71 vampires
201,Killer Drag Queens on Dope,12,12
202,Dirty Work,7,7
203,"Antibodies	",7,"4, 2 dogs and a porcupine"
204,Prom Night,7,7
205,"South Park: Bigger, Longer & Uncut",2,"2. That's right, I said TWO. The 312 people, 2 bears, robot king and demon that died in the war DON'T COUNT!	"
206,A Nightmare on Elm Street 4: The Dream Master,7,6 and a bug
207,The Descent,17,"7, plus 10 mutant-things	"
208,Flushed Away,27,3 flies and 2 bowls of maggots
209,The Fifth Element,320,"22 humans, plus an entire space battleship, 26 mangolores, 3 mondoshawans, 17 parasites, one cockroach and one diva	"
210,Perfume,28,"27, 1 cat, and the biggest orgy EVER."
211,Margarita Happy Hour,1,1
212,The Shadow Walkers,35,"15 before the opening titles and then 12 more, plus 8 genetically-altered mutants"
213,"Running with Scissors	",1,1 cat
214,Ice Age 2,4,"A turtle, 2 dinosaurs, and a dodo (bird)"
215,Scary Movie,17,17
1647,The Prophecy II,9,5 people and 4 angels
216,Independence Day,12702478,"1,702,461 humans and 11,000,017 aliens"
217,The Simpsons Movie,106,"2, plus all 3 members of Green Day, 77 fish and 24 swallows"
218,"Freddy vs. Jason	",85,20 people and 65 maggots
219,Four Brothers,14,14
220,Hard Boiled,235,235
221,The Butterfly Effect,1,1 unborn child. Unless you watch the theatrical version and then it's ZERO.
222,30 Days of Night,165,"146 people, 12 vampires and 7 dogs"
223,"The Last Samurai	",1592,"1,562 people and 30 horses"
224,Dead in the Water,3,3
225,Long Kiss Goodnight,52,"50, a deer, a cricket, and Samuel L. Jackson graced us with two motherfuckers."
226,Bee Movie,1,1 bug
227,"A Nightmare on Elm Street 5: The Dream Child	",4,3 and a doll
228,Saw IV,9,9
229,Mr. Deeds,1,1
230,Mirror of Death,3,3
231,Blade,69,"22 humans, 46 vampires and a plant"
232,The Blob (1958),6,6
233,Strange Days,13,12 and a dog
234,Transformers,2024,"2,019 humans, 1 Autobot, 3 Decepticons and 1 baby Decepticon"
235,The Return,2,2
236,"Kingdom of Heaven	",1594,"1,578 and 16 horses	"
237,Critters,14,"1 bottle of whiskey, 1 cow, 1 chicken, 1 goldfish, 2 people, and 8 critters"
238,The Big Lebowski,1,1
239,Anchorman: The Legend of Ron Burgundy,2,1 and a squirrel
240,"Last Quarter	",2,2
241,The Anarchist Cookbook,17,17
242,Dolores Claiborne,2,2
243,See No Evil (1971),4,4
244,"No Country for Old Men	",18,"17 and a dog	"
245,Awake,2,2
246,Cast Away,9,"4 people, 2 crabs, 2 fish, and 1 volleyball (WILSON!!)	"
247,Borat: Cultural Learnings of America for Make Benefit Glorious Nation of Kazakhstan,2,1 person and 1 bear
1514,Inhale,8,8
248,Hannibal Rising,32,"30 people, a fish and a bird"
249,Date Movie,11,10 people and a rat
250,"Team America: World Police	",2066,"2,066 plus 1 motherfucker from Samuel L. Jackson's puppet."
251,Swimming Pool,1,1
252,28 Days,1,1
253,Cube 2,15,15
254,The Hollywoohe Sd Strangler Meets the Skid Row Slasher,12,12
255,The Cave,9,"6 and 3 cave creatures	"
256,Phantoms,11,10 and a dog
257,Amityville Horror (1979),6,6
258,Sweeney Todd: The Demon Barber of Fleet Street,15,12 and 3 bugs
259,Halloween (2007),22,"20, a rat and a coyote"
260,A Nightmare on Elm Street 6: Freddy's Dead: The Final Nightmare,6,"4, a hamster, and Freddy	"
261,Nobody Knows,1,1
262,"Dead and Deader	",62,"52, 9 scorpions, and Dean Cain's career"
263,The Opposite of Sex,1,1
264,High Tension,6,"5 and a dog	"
265,The Hudsucker Proxy,2,2
266,The Wild,1,"1 wildebeest	"
267,There Will Be Blood,12,5 and 7 quail
268,Three Kings,22,21 and a cow
269,Wes Craven's New Nightmare,5,4 and Freddy again
270,Madhouse,7,7
271,Renegade,30,28 and 2 horses
272,No Reservations,1,1
273,Bloody Mallory,30,"8, 17 ghouls, a demon, a succubus, a black cat, a rat and a vampire"
274,"Friday the 13th	",11,10 and a snake
275,Magnolia,30000000,"8, a dog, and a whole LOT of frogs"
276,Fright Night (1985),6,"3 humans, 2 vampires, and a guy who was neither human nor vampire"
277,Friday the 13th Part 2,9,9
278,Sleepwalkers,11,"7, 2 sleepwalkers and 2 cats"
279,The Green Mile,7,7
280,Cinderella,1,1
281,Friday the 13th Part 3,13,12 and an unborn baby
282,The Tommyknockers,12,4 and 8 aliens
283,28 Weeks Later,10211,"10,211	"
284,Q: The Winged Serpent,17,"15 humans and 2 Qs. Jon further broke this down for us as follows: 4 decapitations, 1 skinning, 10 other, mostly dropped from high up. Also, all his predictions came true.	"
285,"Reefer Madness	",3,3
286,Friday the 13th Part 4: The Final Chapter,14,14
287,"Dirty Dancing	",1,1 fetus
288,Bambi,3,"1 deer, 2 pheasants"
289,Shaded Places,2,1 and a dog
290,The Usual Suspects,42,41 and a dog
291,The Sisterhood of the Traveling Pants,1,1
292,Battle Royale,43,43
293,Cutting Class,8,7 and a fly
294,Friday the 13th Part 5: A New Beginning,19,19
295,"Blood Diamond	",93,"92 and a baboon	"
296,Romeo + Juliet,5,5
297,A.I. Artificial Intelligence,7,"6 Robots and 1 human recreated by robots	"
298,Jaws,8,"5, 2 sharks and a dog	"
299,The Ice Pirates,20,"10 humans, 1 frog lady and 9 robots"
300,300,3977,"3,971 people, 1 battle rhinocerous, 3 elephants, 1 giant wolf and a big orc-looking dude	"
301,Forrest Gump,17,"13 plus Elvis, JFK, Bobby Kennedy, and John Lennon	"
302,Bad Biology,5,4 plus one large mutant penis
303,Fried Green Tomatoes,6,5 plus one arm
304,Who is KK Downey?,1,1
305,Thank You for Smoking,1,1
306,Soo,26,26
307,Epitaph,10,10
308,Dead Fury,14,"13 and a squirrel	"
309,Pistoleros,5,4 and a dog
310,Jack Brooks: Monster Slayer,17,15 and 2 dogs
311,"Trailer Park of Terror	",10,10
312,The Last House in the Woods,10,10
313,"Timecrimes	",1,1
314,Death Bed: The Bed That Eats,19,"16, a fly, 2 hands and 1 bed	"
315,Lake Placid,5,"2, a bear, a cow and a giant crocodile"
316,"American Dreamz	",2,2
317,How High,14,1 and 13 pigeons
318,Muppets From Space,1,1 cat
319,Rolling Kansas,4,3 ducks that looked like geese and one accidental rabbit smothering
320,Kung Pow: Enter the Fist,48,"43 people, a dog, 2 moths, a big toe, a stomach plug and one French alien UFO"
321,Man of the House,4,4
322,Friday the 13th Part 6: Jason Lives,18,17 (including a 3-for-one decapitation) and 1 bug
323,Fido,13,13
324,Enchanted,3,"1 cockroach, 1 bag of bird seed (which was stabbed with a sword), and 1 evil witch queen who was killed while in dragon form."
325,Bridge to Terabithia,1,1
326,Shrek the Third,4,1 Frog King Dad-in-Law and 3 bugs
327,"The Spongebob Squarepants Movie	 ",2,2 fish
328,The Rocky Horror Picture Show,4,4
329,The Happening,47,47
330,Reefer Madness: The Movie Musical,6,"5 and a fly	"
331,Duets,2,"2	"
332,Frankenhooker,13,12 and a guinea pig
333,Blood Gnome,33,26 plus A-MAN-da and 6 blood gnomes
334,"Friday the 13th Part 7: The New Blood	",16,16
335,Friday the 13th Part 8: Jason Takes Manhattan,22,22
336,Get Smart,14,13 and a robot fly
337,The Golden Compass,55,54 and an ice bear
338,Hancock,1,1
339,"Batman Begins	",6,6
340,"Ferngully: The Last Rainforest	",2,"1 fairy, 1 snail"
341,Friday the 13th Part 9: Jason Goes to Hell,22,22
342,The Boondock Saints,36,35 and a cat
343,Edward Scissorhands,2,2
344,Big Trouble in Little China,36,"35 and a thing they called a guardian but which I think looks like a beholder. Not a behemoth, which is what I said the first time. Wrong b word."
345,"Schizopolis	",2,2
346,The Magician,1,1
347,Road Trip,1,1
348,"Sweet Home Alabama	",1,1 mosquito
349,Undercover Brother,8,8
350,Zombie Strippers,44,43 and a fly
351,Carrie (2002),236,235 and a pig
352,Dark Knight,26,26
353,The Family Stone,1,1
354,Amadeus,3,3
355,Til There Was You,1,"1	"
356,"S.W.A.T.	",20,20 and 0 motherfuckers
357,National Treasure,2,2
358,"Divine Secrets of the Ya-Ya Sisterhood	",1,1
359,The Last House on the Left,6,6
360,"The	Thing",24,"12 people, 5 dogs and 7 ""things""	"
361,Eating Raoul,12,12
362,Quest for Camelot,2,"2	"
363,Dead End,6,6
364,Motel Hell,6,6
365,Taxi Driver,4,4
366,Airplane!,10,10
367,Deranged,5,5
368,Fallen,8,"8	"
369,"Across the Universe	",10,"9 and Martin Luther King, Jr."
370,Don't Be a Menace to South Central While Drinking Your Juice in the Hood,11,11
371,Earth vs. the Spider,13,12 and one mutant man-spider
372,The Tripper,26,"24 and 2 dogs	"
373,Resident Evil 3: Extinction,15576,"576, 3 dogs and an entire flock of demon birds"
374,Suicide Club,80,78 and 2 small animals
375,Desperado,51,51
376,Trainspotting,2,1 and a baby
377,Crush,1,1
378,Ultraviolet,311,310 and an unborn child
379,Billy Madison,6,6
380,Asylum,7,7
381,Saw V,5,5
382,The Strangers,2,2
383,Forgiving the Franklins,4,4
384,Critters 2: The Main Course,1274,"7 people, 1 bug, 1 dog, 3 cows, 1 space thing, 1261 critters and 1 alien bounty hunter"
385,Critters 3: You are What They Eat,8,2 and 6 critters
386,The Secret Life of Bees,3,2 and a cockroach
387,Serenity,197,"196 and a bug	"
388,Reservoir Dogs,11,11
389,Army of Darkness,77,77
390,The Midnight Meat Train,17,17
391,Noriko's Dinner Table,85,85
392,28 Days Later,33,32 and a monkey
393,Quantum of Solace,24,23 and a fly and 1 bitch banged
394,I Know Who Killed Me,2,2
1239,The Devil Inside,1,1
395,The Fugitive,7,7
396,"I Know What You Did Last Summer	",15,6 and 9 crabs
397,Alice's Restaurant,2,2
398,Gattaca,5,2 and 3 zygotes
399,Donnie Brasco,6,6
400,Scarface,42,42
401,The Signal,53,53
402,Event Horizon,3,3
403,Critters 4,26,"7, 6 eggs and 13 critters"
404,High Times' Potluck,2,2
405,Death to Smoochy,3,3
406,Deuce Bigalow: European Gigolo,4,4
407,Defending Your Life,1,1
408,"Deliverance	",4,3 and a fish
409,Dangerous Intentions,1,1
410,Black Snake Moan,0,no one died but Samuel L. Jackson graced us with 5 motherfuckers and 1 motherfucking
411,Street Kings,12,12
412,Tropic Thunder,4,"1, a bat, a panda and a Tivo"
413,"Southland Tales	",524,24 and a mega-zeppelin
414,Up in Smoke,2,1 bird and 1 dog
415,What Ever Happened to Baby Jane?,3,"1, a bird and a rat"
416,Antitrust,2,2
417,The Blob (1988),28,27 and a rat
418,Batman: The Movie,11,"5, a shark, an octopus and 4 noble porpoises"
419,Eagle Eye,61,61
420,Pineapple Express,21,"19, a bug and a very large crop of marijuana"
421,Bad Dreams,37,37
422,Burn After Reading,2,2
423,My Bloody Valentine (2009),31,31
424,Friday the 13th (2009),15,15
425,Dr. No,11,"10 and a huge fucking venomous spider, plus 3 bitches banged"
426,From Russia With Love,23,"22, 1 siamese fighting fish, and 2 bitches banged"
427,Goldfinger,60,60 and 2 bitches banged
428,Thunderball,45,"44, a shark, and 3 bitches got banged"
429,Diary of the Dead,30,30
430,Blood Diner,69,69
431,The Secret of NIMH,3,3 rats
432,Basic,3,3
433,Repo! The Genetic Opera,14,14
434,Kill Bill: Volume 1,51,51
435,You Only Live Twice,77,77 and 3 bitches banged
436,Nurse Betty,4,4
437,On Her Majesty's Secret Service,20,20 and 3 bitches banged
438,"Diamonds are Forever	",66,66 and only 1 bitch banged
439,Live and Let Die,8,"6, a snake, a crocodile, and 3 bitches banged"
440,Gangs of New York,95,94 and a rat
441,"The Warriors	",2,2
442,Brotherhood of the Wolf,68,"42 people, 23 wolves, 2 dogs and a beast"
443,The Zombie Diaries,28,28
444,The Man with the Golden Gun,7,7 and 2 bitches banged
445,Memento,4,4
446,Drag Me to Hell,5,4 and a kitten
448,Bubble Boy,1,1 cow
449,X-Men Origins: Wolverine,48,47 and a bear
450,Pride and Glory,11,11
451,Transformers: Revenge of the Fallen,7071,"7,049 people, 14 Decepticons, 5 baby Decepticons, 1 Decepticon hatchling, 1 Autobot that used to be a Decepticon, and 1 goat"
452,Jesus Christ Vampire Hunter,46,46
453,Spy Who Loved Me,111,"44, a fish, a shark and two submarines full of guys in orange jumpsuits. Oh, and two bitches banged"
454,Gran Torino,1,1
455,Surrender Dorothy,1,1
456,"Lock, Stock and Two Smoking Barrels",15,15
457,Public Enemies,22,22
458,The Magnificent Seven,55,55
459,Candy,2,1 and a fetus
460,The City of Lost Children,9,"5 plus a set of siamese twins, a dwarf and a parakeet"
461,Death Note,25,25
462,Milk,4,4
463,"Good Night, and Good Luck	",1,1
464,The Collector,11,"7, 1 cat, 2 fish and 1 dog"
465,The Haunting in Connecticut,6,6
466,Horsemen,5,4 and a fetus
467,Rising Sun,5,5
468,The Taking of Pelham 1 2 3 (2009),7,7
469,The International,16,16
470,Twilight,5,"2, a vampire and 2 deer"
471,Inglourious Basterds,397,397
472,Final Destination 4,61,61
473,Moonraker,121,"108, 12 pheasants, 1 python and 3 bitches banged"
474,For Your Eyes Only,45,"27, 1 British spy ship disguised as a fishing vessel, and one bitch banged"
1477,Bourne Ultimatum,4,4
475,Octopussy,97,"96 and a spider, and 2 bitches banged"
476,Ong-Bak: The Thai Warrior,8,8
477,Cool Hand Luke,6,"2, a bird, a snake, a dog and a turtle"
478,The Invention of Lying,1,1
479,From Hell,8,8
480,Appaloosa,13,11 and 2 horses
481,Blood Work,7,7
482,Black Dynamite,46,46
483,View to a Kill,29,29 and 4 bitches banged
484,Never Say Never Again,17,17 and 4 bitches banged
485,Deception,3,3
486,Who Framed Roger Rabbit,9,2 people and 7 toons
487,Cyborg,34,"34, all human, including a toddler"
488,Jumper,6,6 bodies and 0 motherfuckers
489,Funny Games (2008),5,4 people and 1 dog
490,Saw VI,12,12
491,Quarantine,10,"8 people, 1 dog and 1 rat"
492,The Basketball Diaries,2,2
493,The Living Daylights,22,22 and 2 bitches banged
494,The Boondock Saints II: All Saints Day,56,56
495,Prizzi's Honor,7,7
496,Malice,2,1 and an unborn fetus
497,Crank 2: High Voltage,41,41
498,Fight Club,1,1
499,Kill Bill: Volume 2,11,11
500,Pulp Fiction,7,"7, plus Sam Jackson racked up 27 motherfuckers and 1 motherfucker accessory"
501,Piccadilly,2,1 chinese homewrecking dancing biatch and 1 chinese creepy guy
502,"War, Inc.",50,49 and a scorpion
503,Point Break,9,9
504,Romper Stomper,6,6
505,Seven Pounds,8,8
506,The Wizard of Oz,2,2
507,Man on the Moon,1,1
508,The Killing Room,3,3
509,Road to Perdition,23,23
510,Licence to Kill,23,"20, a starfish, 2 sharks and 2 bitches banged"
511,Goldeneye,60,60 and 2 bitches banged
512,Tomorrow Never Dies,819,819 and 2 bitches banged
513,S.F.W.,5,5
514,M*A*S*H,3,3
515,Snoop Dogg's Hood of Horror,18,17 and a dog
516,Night of the Demons,9,9
517,The Valley of the Bees,9,8 and a deer
518,The Men Who Stare at Goats,3,2 and a goat
519,The World is Not Enough,62,62 and 3 bitches banged
520,Die Another Day,24,24 and 2 bitches banged
521,Psycho Santa,10,10
522,Satan Claus,9,9
523,The Christmas Season Massacre,9,9
524,Casino Royale (2006),22,22 and 1 bitch banged
525,Cheers for Miss Bishop,4,4
526,Fahrenheit 451,3,3
527,Ronin,33,33
528,Next Day Air,6,6
529,Sherlock Holmes,6,6
530,Jennifer's Body,57,56 people and 1 succubus
531,District 9,95,"48, a little alien dog, and 46 alien eggs"
532,North by Northwest,5,5
533,National Lampoon's Christmas Vacation,1,1 cat
534,"Silent Night, Deadly Night",14,13 and a snowman
535,The Hurt Locker,19,18 and a fly
536,Family Plot,1,1
537,"Few Good Men, A Few Good Men",2,2
538,Superstar,2,2
539,Dead Men Don't Wear Plaid,5,5
540,Love Happens,1,1
541,American Pie Presents: The Book of Love,2,1 and a squirrel
542,Juno and the Paycock,2,2
543,Johnny Mnemonic,26,26
544,Amateur Porn Star Killer,1,1
545,The Birds,20,3 and 17 birds
546,Alice in Wonderland (2010),4,"1, a frog, a jub-jub bird and a jabberwocky"
547,Lifeboat,125,124 and a baby
548,The Super Ninja,33,33
549,Gummo,6,1 and 5 cats
550,Marathon Man,12,12
551,Legend of the Liquid Sword,16,15 and a frog
552,The Muppet Movie,1,1 fly
553,The Chumscrubber,1,1
554,The Fourth Kind,4,4
555,The Langoliers,3,3
556,The Monster Squad,14,"7 people, 4 vampires, a mummy, a wolfman and a creature from the black lagoon"
557,Turok: Son of Stone,158,"149 people, 2 horses, 2 bucks, a monkey, a bug, a sea monster, an elephant and a pterodactyl"
558,Angels & Demons,15,15
559,The Craft,10,3 and 7 sharks
560,Big Trouble,2,1 person and 2 television sets
561,Mega Shark vs. Giant Octopus,2306,"9, plus an oil rig, a whale, a plane snatched out of the air by mega shark, two U.S. navy ships, one oil tanker crew killed by pirates, one pirate crew cooked well done, 7 U.S. submarines, one Japanese submarine, one mega shark and one giant octopus"
562,Half Baked,2,1 horse and 1 dog
563,Law Abiding Citizen,15,15
564,Titanic,1534,"1,522 and 12 dogs"
565,Number Seventeen,2,2
566,Zombieland,149,148 plus Bill Murray
567,The Transformers: The Movie,2500000036,"1 robot planet, 7 autobots, 16 decepticons, 5 robot fish, 5 sharkticons, 2 random robots and Unicron"
568,Ed Wood,1,1
569,True Romance,20,20
570,Clash of the Titans (1981),75,"69 plus 3 giant scorpions, 1 two-headed dog, Medusa and the Kraken"
571,Clash of the Titans (2010),1291,"1,281 plus 1 fish, 2 giant scorpions, 4 furies, Medusa, a djinn, and the kraken"
1574,Trees Lounge,1,1 and 0 motherfuckers
572,Transporter 3,20,19 and a fish
573,Orphan,4,3 and a pigeon
574,The Objective,10,10
575,Pinocchio's Revenge,3,2 people and 1 girl doll
576,Paranormal Activity,1,1
577,Fantastic Mr. Fox,6,"2 squabs, 3 chickens, 1 rat"
578,Commando,86,86
579,Donnie Darko,1,1
580,Sam's Lake,10,10
581,Night of the Living Dead 3D,10,10
582,Mouth to Mouth (2005),2,2
583,State of Play,5,5
584,Sex and Death 101,3,3
585,Near Dark,15,15
586,Taken,20,20
587,Goodfellas,10,10
588,Dance of the Dead,85,85
589,Happy Birthday to Me,9,9
590,Pan's Labyrinth,28,"22, a giant toad, 2 bugs, 2 fairies and a magic root"
591,Drive Thru,14,14
592,Young and Innocent,1,1
593,Cut,15,15
594,Invitation to a Suicide,1,1
595,April Fools,2,2
596,Young Guns II,21,21
597,The Box (2009),3,3
598,Broken Arrow,27,27
599,Unthinkable,55,55 and 0 motherfuckers
600,Elephant,13,13
601,Casino Royale (1967),217,"207 plus a goat, a robot, 2 seals, 4 horses and 2 grouse."
602,Hellboy,6041,"34 plus 6 Sammaels, 1 Ogdru Jahad, and thousands of Sammael eggs"
603,First Blood,5,"1 man, 3 dogs, 1 wild pig"
604,Insanitarium,25,24 and a cat
605,Legion,217,172 and 45 locusts
606,House of the Dead,128,128
607,Brotherhood of Blood,16,16
608,"Angels of the Universe	",2,2
609,The Road,6,6
610,Postal,742,"148, a baby, and all the people that died when the first plane hit the World Trade Center, including the window washer."
611,Zoolander,3,"3 really, really ridiculously good-looking models "
612,Rich and Strange,3,2 and a cat
613,Terminator Salvation,500070,"53, 5 terminators, 2 motorcycle killing machines, 2 hunter killers, 8 face-eating water snake machines (a.k.a. machine face snake eaters) and Skynet Central"
614,Hook,9,9 and a coconut
615,Matilda,1,1
616,"American Crime, An American Crime",1,1
617,Wild Oranges,3,3
618,Rambo II,63,62 and a chicken
619,Single White Female,4,3 and a dog
620,Fortress (1992),30,29 and a robo-truck
621,Casino,22,22
622,Punisher: War Zone,108,108
623,The Wizard of Gore,2512,"6, 1 leech, 5 rats and 5 handfuls of maggots"
624,Raiders of the Lost Ark,119,"55, a monkey and 63 ""impossible to count"" snakes"
625,Indiana Jones and the Temple of Doom,532,"31 people, 8 chickens, 2 snakes, 1 mosquito and 490 other bugs"
626,Indiana Jones and the Last Crusade,2055,"48 people, 7 birds, and 2,000 rats"
627,Zombies of Mass Destruction,34,34
628,Rambo III,132,130 and 2 horses
629,P2,4,3 and a dog
630,Traitor,63,63
631,The Skin Game,3,1 plus a fetus and a tree
632,Moulin Rouge,1,1
633,Rambo IV,298,"6 before the title, then 283 more plus 2 oxen, 3 fish and 4 dogs"
634,Stardust,17,"8 plus 4 witches, 1 star, 1 ferret, 1 small alligator, 1 goat and 1 unicorn"
635,Inception,3,3
636,Whiteout,10,10
637,Jaws 2,8,7 people and 1 shark
638,Jaws 3,8,5 plus 2 sharks and 1 fish
639,Jaws 4,3,2 and a shark
640,The Expendables,165,165
641,One Flew Over the Cuckoo's Nest,2,2
642,THX 1138,68,"63 plus 1 mate, 2 robot police officers, 1 hologram dude and a fetus"
643,Machete,78,"77 and an unborn child		"
644,The Matrix,43,"42, a tracer bug, and Neo's doubt"
645,"The Goods: Live Hard, Sell Hard",1,1
646,Undead or Alive,32,"30, a horse, and a chicken"
647,Secret Agent,4,4
648,Devil,7,7
649,Fortress (1986),22,"6, a fox, and fifteen fish"
650,Max Payne,32,32
651,Shutter Island,1,1
652,Con Air,31,"30, a tank and a car"
653,Flash Gordon,57,56 (including 9 hawkmen and 1 lizard man) plus a swamp monster
654,Despicable Me,1,1 bird
655,Amelie,1,1
656,The Baby's Room,1,1
657,The Man from Earth,1,1
658,The Machinist,1,1
659,Nights in Rodanthe,1,1
660,The Fast and the Furious: Tokyo Drift,1,1
661,Dead Snow,46,"10, a crow, and 35 zombie Nazis"
662,A Nightmare on Elm Street (2010),4,4
663,Red,16,16
664,2001: A Space Odyssey,8,"4 astronauts, 2 man-apes, 1 tapir and 1 sentient artificial intelligence "
665,Australia,313,"298, 10 cows, 1 horse, 2 flies, 1 kangaroo and a dog"
666,Shutter (2008),2,2
667,Ghost Ship,1137,"1,137"
668,"Bucket of Blood, A Bucket of Blood",5,4 and a cat
669,Necropolis (1987),17,12 and 5 ghouls
670,Kick-Ass,64,64
671,Avatar,181,"69 humans, 74 Nav'i, 4 hairless tar dogs, 1 blue deer-thing, 2 avatars, 17 6-legged blue horses, 13 banshees and 1 giant panther dragon."
672,Saw VII,21,21
1473,Man of Steel,2000129220,"129,039 people, General Zod, 10 Kryptonian soldiers, 170 Kryptonian fetuses and the planet Krypton"
673,Paranormal Activity 2,3,2 and 1 bird
674,The Nightmare Before Christmas,2,1 and a scorpion
675,Clerks,1,1
676,Wristcutters: A Love Story,9,9
677,Night of the Living Dead (1968),15,15
678,How to Lose Friends & Alienate People,4,"1 dog and 3 goldfish	"
679,"How to Be a Serial Killer	",28,28
680,"Cube	",6,6
681,The Crazies (2010),1266,"1,266"
682,The Order,8,8
683,The Book of Eli,53,51 plus a cat and a bird
684,"Danika	",3,3
685,Bangkok Dangerous,44,43 and a scorpion
686,Strangers on a Train,3,3
687,"Clay Pigeons	",3,3
688,American History X,3,3
689,Santa's Slay,33,"31, a fluffy white dog and a helldeer"
690,Dial M for Murder,1,1
691,The Tourist,5,5
692,The Losers,61,"40 and a teddy bear before the opening title, then 20 more"
693,Life Blood,9,8 and a possum
694,"Tron	",29,"19 programs, 7 recognizers, 2 tanks and 1 master control program"
695,The Man Who Knew Too Much (1934),8,8
696,"Perfect Getaway, A Perfect Getaway",8,"7 and a goat	"
697,The Christmas Tale,4,4
698,Requiem for a Dream,1,1
699,"Cloudy with a Chance of Meatballs	",4,"1 and 3 gummie bears	"
700,The Time Traveler's Wife,4,2 and 2 fetuses
701,Jackie Brown,4,4 bodies and 38 motherfuckers from Samuel L. Jackson
702,Knowing,6785987235,All of Earth except for 2 kids and 2 rabbits
703,Backdraft,6,6
704,Brooklyn's Finest,16,16
705,High Hopes ,2,2
706,The Emperor's New Groove,2,2 bugs
707,May,7,"5, a cat, and a creepy porcelain doll	"
708,Rob Roy,26,"14, a dog, 7 cows, 2 chickens and 2 sheep	"
709,"Die Hard	",23,23
710,Die Hard 2,265,265
711,Survival of the Dead,96,"94, a pig, and a horse	"
712,Harry Brown,14,14
713,Hostel: Part II,9,9
714,Behind Enemy Lines,43,43
715,Dune,270,268 and 2 sandworms
716,"Return to Horror High	",4,4 flies
717,To Catch a Thief,1,1
718,Psycho (1960),2,2
719,Rear Window,2,"1 and a dog	"
720,Blackmail,2,2
721,"Sabotage (1936)	",58,57 and a puppy
722,Screamers,132,"76 people, 11 Type 1-revised screamers, 2 Type 2 screamers, 40 Type 3 screamers, 2 Type 4 screamers, and 1 rat"
723,Lady and the Tramp,1,1 rat
724,"Day of the Dead (2008)	",118,117 and one zombie boyfriend
725,2001 Maniacs,11,"8 people, an armadillo, a cat, and a mouse"
726,My Bloody Valentine (1981),15,15
727,"Mulholland Drive, Mulholland Dr.",9,9
728,The Wolfman (2010),21,21
729,"Scotland, Pa	",5,5
730,Vertigo,3,3
731,The Outsiders,3,3
732,Chloe,1,1
733,Dogma,67,"57, 5 demons and 5 gang members	"
734,Surrogates,13,13
1223,Bad Boys,21,21
735,Extract,2,1 and a testicle
736,Good Time Max,3,3
737,The Blind Side,1,1
738,"Tenebre	",12,12
739,Splice,8,"3 people, 1 Ginger, 1 Fred, 1 rabbit, 1 cat and 1 Dren"
740,New Moon,3,2 and 1 vampire
741,Defendor,2,2
742,"My Sister's Keeper	",2,2
743,Predators,19,"7 people, 4 predators, 1 bug, 6 horny alien dogs and 1 alien thing"
744,How About You,1,1
745,"The Lookout	",7,7
746,The Gate,1,1 demon lord
747,"Ghost Dog: The Way of the Samurai	",45,"18 people, 26 pigeons and 1 bear"
748,Hard Candy,1,1
749,Star Wars: Episode I - The Phantom Menace,162,"21, 3 gungam mounts, 4 destroyers, 2 tattooine lizard rats, 130 droids, 1 black gooberfish, and 1 eel-igator. Also 0 motherfuckers from Samuel L. Jackson."
750,BASEketball,17,"5 people, 2 chickens, 1 skunk, 3 raccoons, 1 dog, 1 kangaroo and 4 other animals that died too fast to identify."
751,Star Wars: Episode II - Attack of the Clones,200697,"128 (including Jango Fett) plus 2 extremely poisonous giant centipedes, 1 giant alien saber-rat, 1 space beast, 1 space rhinocerous, 1 Mary-beast, 2 AT-TE walkers, 377 droids, 25 big-boned droids, 1 spider droid, 8 roller droids, 2 destroyers, and 1 ball ship."
752,I Spit on Your Grave (1978),4,4
753,I Spit on Your Grave (2010),6,6
754,Happy Gilmore,3,2 and an alligator
755,"Mad Max	",10,9 and a dog
756,Star Wars: Episode III - Revenge of the Sith,353646,"117 plus 88 droids, 2 destroyers, 2 horseshoe crab ships, half of General Grievous's ship, 4 starfighters, 1 vulture droid, 8 buzz droids, 5 big-boned droids, 6 jedi-looking droids, 2 rolling water droids, 2 spider droids, 2 flying saucer ships and a hovertank."
757,Peacock,1,1
758,Star Wars: Episode IV - A New Hope,1972739840,"115 plus 9 jawas, 6 X-Wings, 8 TIE Fighters, 3 Y-Wings, the entire planet of Alderaan and one Death Star"
759,Feast of Love,1,1
760,Up in the Air,1,1
761,Chuck & Buck,1,1
762,Murder!,1,1
763,P.S. I Love You,1,1
764,Insidious,1,1
765,Mega Piranha,4165,"47, plus 1 shark, 1 cruise ship, 1 navy ship, 1 nuclear submarine and 41 mega piranhas"
766,The Tingler,2,2
767,The Town,6,6
768,The Tournament,45,"43, 1 dog and 1 fetus"
769,The Quiet,1,1
770,The Last Exorcism,4,3 and a kitty
771,The Last Airbender,2,2
772,The Human Centipede,6,6
773,The Gravedancers,6,6
774,The Good Son,3,2 and a dog
775,The Girl Who Played with Fire,4,4
776,The Farmer's Wife,1,1
777,Orange County,1,1
778,The Square,6,5 and a doggie
779,Richard III,29,29
780,Star Wars: Episode V - The Empire Strikes Back,136,"38, 2 tauntauns, 1 probe droid, 2 AT-AT Imperial Walkers, 4 TIE fighters and one mynock"
781,Cruel World,11,10 and a cow
782,2012,5773515433,The population of Earth in 2012 except for Africa and three arks worth of people and animals that survived.
783,Dead Air,160004,4 plus tens of thousands of people in sixteen major US cities.
784,The Killer Inside Me,11,11
785,Die! Die! My Darling!,2,2
786,Star Wars: Episode VI - Return of the Jedi,2615849,"76 (including Yoda, Boba Fett, Jabba the Hut, the Emperor and Darth Vader) plus 1 rancor, 1 Jabba-snack (a.k.a. frog), 1 space slug, 5 ewoks, 4 X-Wings, one rebel fighter, one kamikaze rebel fighter, 3 AT-ATs, 10 TIE Fighters, 2 rebel cruisers, 2 star destroyers and one unfinished death star."
787,The Ghost Writer,3,3
788,Candyman,6,5 and a dog
789,The Rite,4,4
790,Giallo,5,5
791,Die Hard: With a Vengeance,16,16 plus 5 motherfuckers from Samuel L. Jackson
792,Schindler's List,10033,"10,033"
793,Sin City,59,59
794,Lord of the Rings I: The Fellowship of the Ring,183,"102 before the title and then 72 more, plus 9 horses"
795,Jersey Girl,1,1
796,A Clockwork Orange,3,2 and a snake
797,Salt,30,30
798,Willow,36,"33, plus 1 ""dog"" (looks more like a cross between a boar and a giant rat), 1 troll, and 1 two-headed beast "
799,The Road Warrior,48,"46, 1 bunny, and 1 dog"
800,Pot Zombies,22,22
801,The Beach,8,8
802,Super 8,9,9
803,Deuce Bigalow: Male Gigolo,2,1 rainbow fish and 1 chinese tailbar lionfish
804,Dracula (1931),13,13 (including Dracula)
805,The Man Who Knew Too Much (1956),3,3
806,Lord of the Rings II: The Two Towers,1246,"87 men, 67 elves, 1,068 orcs, 6 horses, 13 worgs, 1 ent, 1 balrog, 2 rabbits and 1 fish"
807,Shrooms,7,6 and a goat
808,Canadian Bacon,2,2
809,Money Train,3,3
810,Dangerous Love,5,5
811,The Wolf Man,4,2 and 2 wolfmen
812,Mutant Vampire Zombies from the 'Hood!,92,92
813,Ninja vs. Bruce Lee,3,3
814,Otis,3,3
815,Case 39,7,6 and a demon child
816,Staten Island,7,7
817,The Texas Chainsaw Massacre (1974),5,5
818,The Texas Chainsaw Massacre (2003),8,8
819,Bram Stoker's Dracula,103,"95, 1 worm, 1 baby, 1 horse, and 5 vampires"
820,Cop Out,10,10
821,Mary Shelley's Frankenstein,12,"9 and 3 dogs		"
822,Frankenstein (1931),4,4
823,Final Destination 5,94,94
824,Lord of the Rings III: The Return of the King,220334,"15,107 men, 205,066 orcs, 110 trolls, 7 horses, 1 worm, 1 hobbit, 1 fish, 20 elephants, 9 Nazgul, 9 Fell Beasts, 1 giant creepy-ass spider, Sauron and Gollum"
825,Oldboy,6,5 and an octopus
826,Hollywood Homicide,8,8
827,Lake Dead,8,8
828,"Serious Man, A Serious Man",3,2 and a deer
829,Top Secret!,24,"22, a cricket and a carrier pigeon"
830,Stag Night,12,11 and a dog
831,Phenomena,7,7
832,Armored,6,6
833,Up,2,2
834,Very Bad Things,6,6
835,The Lovely Bones,2,2
836,Contract Killers,8,8
837,The American,9,9
838,How to Kill Your Neighbor's Dog,1,1 dog
839,Jesus' Son,12,"5 plus 1 rabbit, 5 premature rabbits and 1 fetus"
840,My Soul to Take,9,9
841,Knight and Day,49,49
842,Boogeyman,5,4 and a bird
843,RocknRolla,9,9
844,Empire of the Sun,14,14
845,Horrible Bosses,1,1
846,"Good Night to Die, A Good Night to Die",7,7
847,Ginger Snaps,10,"4 people, 4 dogs and 2 werewolves"
848,Life as We Know It,2,2
849,The Card Player,8,7 and a radio
850,Hobo with a Shotgun,50,50
851,The A-Team,25,25
852,Lawn Dogs,3,2 chickens and 1 dog
853,Fist of Fury,21,21
854,Hunt to Kill,15,15
855,The Puppet Masters,203534,"26 people and 203,508 aliens"
856,Capote,6,6
857,Queer Duck: The Movie,1,1 buzzard
858,Killers,10,10
859,The Doom Generation,9,8 and 1 dog
860,Devil in the Flesh,6,5 and 1 dog
861,Ghostbusters,3,1 Stay Puft Marshmallow Man and 2 gargoyle dogs
862,Sucker Punch,1,1
863,Twelve,7,7
864,Bloodsucking Freaks,13,13
865,The Virgin Suicides,5,5
866,Red State,17,17
867,Bug,3,3
868,Natural Born Killers,123,122 and a scorpion
869,Dear John,2,2
870,Vampires Suck,8,7 and a cat
871,Bully,1,1
872,Casualties of War,19,19
873,Comic Book Villains,4,4
874,I Am Number Four,16,"3 humans, 3 Loriens, 8 Mogadorians and 2 giant alien bat-dogs"
875,Edge of Darkness,12,12
876,Fragile,5,5
877,Ghosts of Girlfriends Past,2,2
878,As Good As Dead,13,12 and a dog
879,Thor,148,"146, 1 Giant Ice Monster and 1 Destroyer"
880,Death Wish,11,11
881,Hideaway,7,7
882,ThanksKilling,12,"10 plus 1 dog, 1 baby bunny and a turkey rape"
883,Home Fries,1,1
884,Pieces of April,1,1 squirrel
885,Two Hands,8,8
886,Tooth & Nail,20,20
887,Drive Angry,67,67
888,Killshot,4,4
889,Unrest,7,7
890,Primer,2,2
891,Monsters vs Aliens,3682,"3,601 aliens and 81 giant alient robot probes"
892,True Grit,14,11 and 3 horses
893,Girly,5,5
894,"Christmas Evil, You Better Watch Out",4,4
895,High Art,1,1
896,Let Me In,10,10
897,Rubber,42,"36 people, 1 crow, 1 scorpion, 1 rabbit, 1 turkey, 1 spider and Robert the tire"
898,Scream of the Banshee,6,5 and a banshee
899,The Donner Party,8,"6, a bear and a deer"
900,Super,19,19
901,"Ghoulies III: Ghoulies Go to College, Ghoulies 3",6,6
902,Paintball,10,10
903,Limitless,11,11
904,Holes,9,"7, a mule and 1 yellow spotted lizard"
905,"Coraline	",21,"8 bugs, 2 rats, 1 cocoa beetle, 2 taffy sisters, 6 dog bats, 1 spider hand and 1 Other Dad"
906,Brick,8,7 and a fetus
907,Sanctum,7,7
908,The Mechanic,17,17
909,Hatchet,10,10
910,The Lake House,1,1
911,SLC Punk,1,1
912,Mad Dog Morgan,12,10 and 2 snakes
913,Scream,7,7
914,Scream 2,10,10
447,Star Trek (2009),5999995636,"5,999,995,635 and one alien creature"
915,The Good Girl,2,2
916,Necromentia,7,6 and a pig-faced demon
917,16 Blocks,2,2
918,Men at Work,1,1
919,Redneck Zombies,15,"8 people, 6 zombies and 1 piglet"
920,Old School,3,3
921,Miss Nobody,8,8
922,See No Evil (2006),11,10 and a bug
923,3000 Miles to Graceland,48,47 and a coyote
924,Everything is Illuminated,1025,"1,025"
925,Logan's Run,49,48 and a robot
926,The Violent Kind,5,5
927,Syriana,10,10
928,Blue Valentine,1,1
929,Dreamscape,5,5
930,Stone,3,2 and a fly
931,Paul,4,"2, a bird and a dog"
932,Alien,8,"5, an android, an alien and a face hugger"
933,Aliens,485,"169 humans, 156 aliens, 159 face huggers and one alien queen"
934,Leprechaun,5,4 and a cricket
935,Faces in the Crowd,7,7
936,Faster (2010),7,7
937,Shaft (2000),25,25 people and 10 motherfuckers
938,Iron Giant,3,2 and a deer
939,Red Riding Hood,16,"13 people, 1 werewolf, 1 wolf and 1 rabbit"
940,Psycho (1998),2,2
941,Youth in Revolt,1,1
942,The Texas Chainsaw Massacre 2,8,8
943,The Godfather,19,18 and a horse
944,Strange Brew,2,2
945,Primal,31,"7 people, 1 demonic alien fetus, 1 kangaroo, 1 bug, 1 demonic rabbit and 20 leeches"
946,Orphan Killer,10,10
947,Paranormal Activity 3,2,2
948,"Easter Bunny, Kill! Kill!",8,8
949,Butch Cassidy and the Sundance Kid,31,"29, a snake and a horse"
950,The Hunger Games,26,"22, a bird, a lizard, 2 squirrels and a placemat"
1446,Mama,9,"6 people, a baby and 2 moths"
951,Hanna,19,18 and a reindeer
952,Iron Man,86,86
953,Pervert!,7,5 and 2 snakes
954,Ghost in the Shell,2,2
955,Deadly Detour,23,22 and a fetus 
956,Alien&sup3;,37,"30 plus 2 face huggers, an ox, an android, an alien, and an alien queen fetus"
957,Bag of Bones,12,11 and an unborn child
958,Leaves of Grass,7,6 and a catfish
959,Feast,17,"11 plus 3 monsters, 2 baby monsters and a monster cock"
960,Train,10,10
961,Superfly,2,2
962,Brokeback Mountain,4,"1, a moose, a coyote and a sheep"
963,Ocean's Eleven,1,1
964,Tangled,1,1
965,'68,9,9
966,Futureworld,6,"2 people, 2 robots and 2 genetic duplicates"
967,Night of the Demons (2009),7,7
968,Haywire,8,8
969,Eye of the Beholder,5,5
970,Hours,1,1
971,Colombiana,32,32
972,Slugs: The Movie,16634,"11 people, 1 hamster, 9 slug eggs and 16,613 mutated slugs"
973,One for the Money,6,6
974,Blood & Donuts,6,"2 people, 2 rats, 1 pigeon and 1 vampire"
975,House,7,7
976,Fist of the North Star,22,22
977,Panic in Needle Park,1,1 puppy
978,Scorched,1,1 duck
979,Boogie Woogie,2,2
980,G.I. Joe: The Rise of Cobra,149,149
981,This Means War,22,22
982,Run! Bitch Run!,8,8
983,Bunraku,170,170
984,Crank,23,22 and a bird
985,Management,1,1
986,House of Yes,1,1
987,Lost Tribe,21,"19 people, 1 dog and 1 tribesman"
988,Lucky,4,4
989,Drive,10,10
990,Iron Man 2,7,7
991,Rock,23,23
992,Make-Out with Violence,5,"2 people, 2 dogs and a rat"
993,Less Than Zero,1,1
994,Pretty Persuasion,1,1
995,Rise of the Planet of the Apes,26,"8 people, 15 chimps, 1 gorilla, 1 orangutan and a bug"
996,High Life,4,4
997,Game of Death II,12,12
998,Alien: Resurrection,52,"28 people, 22 face huggers, 12 aliens, 7 clones, 1 spider, 1 alien queen and 1 alien-human hybrid"
999,Kidulthood,2,2
1000,Braveheart,21338,"20,176 men and 1,162 horses"
1001,One Last Thing,1,1
1002,Carolina,1,1
1003,Equilibrium,187,180 people and 7 dogs
1004,Dread,4,4
1005,Most High,2,2
1006,Teeth,2,2
1007,After.Life,2,1 and a baby chick
1008,"Love, Wedding, Marriage",1,1 fish
1009,Children,1,1 cat
1010,Memoirs of a Geisha,2,2
1011,Shoot 'Em Up,98,96 plus 2 deaths by carrot to the face
1012,Darkness Falls,12,11 and an evil tooth fairy ghost bitch
1013,Man Who Wasn't There,4,3 and a fetus
1014,Sleeping Beauty,2,2
1015,Hurt,4,3 and a duckling
1016,Weather Man,1,1
1017,World's Greatest Dad,1,1
1018,Watchmen,15000044,"15,000,040, a fetus, 2 dogs and Bubastyx (the genetically engineered tiger-lynx hybrid)"
1019,Predator,72,"69, a scorpion, a boar and a predator"
1020,Predator 2,39,38 and a predator
1021,Reef,4,4
1022,Hostel: Part III,14,13 and a cockroach
1023,Macbeth (2010),20,20
1024,Soul Surfer,1,1 shark
1025,Tiny Furniture,1,1 hamster
1026,The Butcher (2006),8,8
1027,Amazing Spider-Man,4,"2 people, a mouse and a genetically enhanced spider"
1028,X-Men,6,5 and a bird
1029,Never Let Me Go,3,3
1030,The Recruit,2,2
1031,Cirque Du Freak: The Vampire's Assistant,1,1
1032,Buried,1,1
1033,Incredible Hulk,20,20
1150,Species IV: The Awakening,14,"9 people, 4 alien-human hybrids and 1 unborn alien baby"
1034,Prometheus,18,15 plus 2 space jockeys and a giant alien squid baby (aka the original facehugger)
1035,Hulk,8,"4, a frog and 3 gamma infected dogs"
1036,The Roommate,3,2 and a kitten
1037,The Family Tree,1,1
1038,Mojave Moon,1,1
1039,Cape Fear,4,3 and a dog
1040,Jurassic Park,9,"5 people, 2 dinosaurs, a goat and a bull"
1041,Girl Next Door,2,2
1042,Contagion,26000087,"Over 26 million people, 56 monkeys and one pig"
1043,Jimmy and Judy,3,3
1044,Playing by Heart,1,1
1045,Rest Stop,3,3
1046,Watchers,20,13 and 7 research animals
1047,Lost World: Jurassic Park,16,"14 people, a dog and a Velociraptor"
1048,The People Under the Stairs,6,5 and a dog
1049,Boogie Nights,9,9
1050,Lockout,533,533
1051,Caged Heat,8,8
1052,Drugstore Cowboy,1,1
1053,Suspicion,2,2
1054,Dust ,62,"58, 2 sheep, a stillborn baby and an unborn baby"
1055,Jurassic Park III,8,"6 people, a T-Rex and a Pterodactyl"
1056,The Killing Jar,8,8
1057,Get the Gringo,52,52
1058,Too Young to Die?,1,1
1059,World Unseen,1,1
1060,Mercury Rising,15,15
1061,Sleepaway Camp,11,11
1062,Sleepaway Camp II: Unhappy Campers,18,18
1063,Sleepaway Camp III: Teenage Wasteland,17,16 and a fish
1064,Kalifornia,12,11 and a bug
1065,Fright Night,10,5 and 5 vampires
1066,Creepshow,18,10 and 8 bugs
1067,Jeepers Creepers 2,10,10
1068,Batman,54,54
1069,Man Who Knew Too Little,4,4
1070,The Girl with the Dragon Tattoo,4,3 and a cat
1071,Batman Returns,6,5 and a cat
1072,In Time,10,10
1073,Phenomenon,1,1
1074,How to Rob a Bank,1,1
1075,Dirty Harry,7,7 bodies and 4 reasons he's called Dirty Harry (1. He hates everyone.  2. He's a peeping tom.  3. He gets all the dirty jobs that no one else wants.  4. He always gets the shit end of the stick.)
1076,Neo Ned,5,4 and a dog
1077,Burning Palms,3,2 and a possum
1078,Batman Forever,15,15
1079,Toxic Avenger,23,22 and a dog
1080,X,5,5
1081,High Lane,4,4
1082,Lazarus Project,5,5
1083,Seed,14,14
1084,Gojira (a.k.a. Godzilla),10411,"10,374 plus 12 cows, 8 pigs, 16 fish and Godzilla"
1085,Return to Sleepaway Camp,11,5 and 6 frogs
1086,Creepshow 2,14,13 and a duck
1087,11-11-11: The Prophecy,4,4
1088,11/11/11,24,"22, a butterfly and a rat"
1089,Barbarella,40,19 and 21 leathermen
1090,Mary and Max,16,"6, 2 flies, 1 worm and 7 fish"
1091,Don't Go in the Woods,13,13
1092,Death Wish 2,16,16
1093,Adventures of Baron Munchausen,52,51 and a giant 3-headed mechanical bird
1094,Camp Hell,1,1 bug
1095,Singles,1,1 fetus
1096,Death Wish 3,77,75 and 2 roaches
1097,Tales from the Crypt: Demon Knight,22,12 and 10 demons
1098,Rest Stop: Don't Look Back,7,7
1099,God Bless America,31,31
1100,Red Dawn,107,106 and a deer
1101,I Spill Your Guts,25,25
1102,Margin Call,1,1 dog
1103,Dumb and Dumber,2,1 and a bird
1104,Wishmaster,1,1
1105,Constantine,283,"5 people, 15 demons, 51 half breeds, 127 cows and 85 bugs"
1106,Borderland,12,11 and a goat
1107,Conan the Barbarian,76,"71 people, 3 horses, 1 buzzard and a giant snake"
1108,Leviathan,8,"6, a spider crab and a genetic alteration"
1109,Thinner,6,6
1110,Shrink,1,1 dog
1111,Soapdish,1,1 cockroach
1112,Traveler,6,6
1113,Finding Nemo,422,2 fish and 420 eggs
1114,Aliens vs. Predator: Requiem,142,"84 people, 4 unborn children, 24 aliens, 4 predators, 5 face huggers, 1 pralien and 20 baby praliens "
1115,Home Room,6,6
1116,Thursday,19,18 and a fetus
1117,Joe Dirt,7,"4, a dog, a duck and a fly"
1118,Lion King,22,"19 bugs, a zebra, Mufasa and Scar"
1119,Cherry Bomb,11,11
1120,Safe,82,82
1121,Malevolence,5,5
1122,Mum & Dad,6,6
1123,National Lampoon's Vacation,2,Aunt Edna and the dog
1124,Bloody Birthday,8,8
1125,Batman & Robin,13,13
1126,Halloween (1978),6,5 and a dog
1127,Halloween II (1981),10,10
1128,Halloween II (2009),18,"16, a cow and a dog"
1129,Halloween Night,18,18
1130,Trick r' Treat,10,10
1131,Confess,1,1
1132,Descendants,1,1
1133,Wishmaster 2: Evil Never Dies,2,2
1134,Halloween III: Season of the Witch,31,8 people and 23 robots
1135,Halloween 4: The Return of Michael Myers,20,19 and a dog
1136,Halloween 5: The Revenge of Michael Myers,21,20 and a dog
1137,Halloween VI: The Curse of Michael Myers,12,12
1138,Wishmaster 3: Beyond the Gates of Hell,8,8
1139,"Little Bit of Heaven, A Little Bit of Heaven",1,1
1140,50/50,1,1
1141,Village of the Damned,4063,"4,054 people, 8 creepy alien kids and 1 stillborn alien baby"
1142,Halloween H2O: 20 Years Later,7,7
1143,Halloween: Resurrection,10,10
1144,Kiss Kiss Bang Bang,12,12
1145,Strangeland,3,3
1146,Pact,3,3
1147,Species,19,"14 people , 2 rats, 1 alien life form and 2 alien-human hybrids"
1148,Species II,44,"23 people, 20 alien babies and 1 alien-human hybrid"
1149,Species III,12,"7 people,1 cat, 1 alien-human hybrid and 3 half-breeds"
1151,Godzilla (1998),393,"173 people, 219 Godzilla babies and Godzilla"
1152,Birdemic: Shock and Terror,45,"14 people, 30 birds and 1 fish"
1153,The Other Guys,6,6
1154,The Missing,28,"25 people, a deer and 2 horses"
1155,The Stepfather (1987),3,3
1156,The Stepfather (2009),4,4
1157,Green Lantern,30,29 and Parallax
1158,Valkyrie,2015,2014 and a mosquito
1159,Freeway Killer,7,7
1160,Unknown,10,9 people and 2 taxis
1161,The Mechanic,29,29
1162,Shooter,56,55 people and a dog
1163,The Taking of Pelham One Two Three,5,5
1164,My Little Eye,5,5
1165,Season of the Witch,1171,"1,140 people, 12 wolves, 18 zombie monks and 1 demon"
1166,Wishmaster 4: The Prophecy Fulfilled,8,7 and the Djinn
1167,The Jackal,18,18
1168,Sherlock Holmes: A Game of Shadows,36,36
1169,Bronx Tale,6,6
1170,Freedom Writers,3,3
1171,Gosford Park,17,1 person and 16 birds
1172,Daydream Nation,4,4
1173,Like Water for Chocolate,9,8 and a baby
1174,Cop Land,8,8
1175,Messages Deleted,6,6
1176,Hellbent,5,5
1177,Children of the Corn,23,22 and a dog
1178,Chrystal,3,2 and a dog
1179,Vile,9,8 and a fetus
1180,Bachelor Party in the Bungalow of the Damned,6,"2 people, 3 awful vampire chicks and 1 crappy male vampire"
1181,Sutures,16,16
1182,Pirates of the Caribbean: On Stranger Tides,63,"56 people, 2 mermaids, 3 poisonous toads and 2 zombie pirates"
1183,Sister My Sister,2,2
1184,The Fish Child,5,3 people and 2 dogs
1185,The Santa Clause,1,1 Santa
1186,The Little Girl Who Lives Down the Lane,3,2 people and a hamster
1187,Amityville II: The Possession,5,5
1188,The Hole,4,4
1189,Charade,4,4
1190,The Andromeda Strain,13,"3 people, 6 birds, 3 rats and a monkey"
1191,New Year's Evil,7,7
1192,Jonah Hex,482,482
1193,Dorian Gray,5,4 and 1 maggot
1194,The Way of the Gun,16,16
1195,Push,40,27 people and 13 fish
1196,Paycheck,6,6
1197,X-Men: First Class,64,62 people and 2 mutants
1198,Bless the Child,6,6
1199,Killer Joe,2,2
1200,Bourne Legacy,19,"16 people, a wolf, a fox and an elk"
1201,Blessed,6,5 and a fetus
1235,Following,2,2
1202,Death Wish 4: The Crackdown,43,43
1203,In Bruges,5,5
1204,The Last Lovecraft: Relic of Cthulhu,29,"17 people, 1 merman, 2 deep sea creature pets, 1 half-breed, 1 star slayer scream dude, 5 elder things and 2 dinosaurs"
1205,The Afflicted,6,6
1206,My Year Without Sex,1,1 fish
1207,Madhouse,1,1 snake
1208,Blubberella,31,23 people and 8 vampires
1209,Tucker & Dale vs. Evil,14,14
1210,Die You Zombie Bastards!,35,"6 people, 14 zombies, 3 ninjas, 3 robots, 2 disobedient dogmen, 3 mosquito warlords, 1 fly, amphibian guy, Nefarious and Vlad the Impaler"
1211,"Filth to Ashes, Flesh to Dust",10,10
1212,The Butchers,12,3 people and 9 chickens
1213,The Ledge,1,1
1214,Mansfield Park,1,1
1215,Taken 2,26,26
1216,Butchered,11,10 and a dog
1217,Edge of Sanity,6,6
1218,Grim Reaper,7,7
1219,The Dentist,4,3 and a dog
1220,The Tall Man,1,1
1221,Skipped Parts,1,1 fetus
1222,Shooters,9,9
1224,Sheltered,10,10
1225,Hollow Man,9,"6 people, a rat, a fly and a dog"
1226,The Curve,2,2
1227,Hollywoodland,2,2
1228,Kate's Addiction,4,4
1229,From Paris with Love,48,48
1230,"Blood, Guts, Bullets and Octane",13,13
1231,Total Recall (2012),50201,"195 people, 50,006 synthetic police"
1232,Hollow Man 2,11,11
1233,Winter's Bone,4,4 squirrels
1234,Eve's Bayou,4,4 and 0 motherfuckers
1236,Bloodsport,2,2 bodies and Van Damme gave us 10 full horizontal splits
1237,Collateral,15,15
1238,Pandorum,2176,"2,174 and 2 grasshoppers"
1240,Raising Arizona,1,1
1241,Cat People,5,"3, a bunny, and a panther-person"
1242,Bad Ass,4,4
1243,Beneath the Dark,4,4
1244,Deadfall Trail,8,"2 people, a beetle, 2 mealworms, 2 rabbits and an unknown bug"
1245,Mr. Hush,5,4 and a vampire
1246,Mary Horror,16,16 and an eyeball
1247,An American Werewolf in London,14,12 and 2 werewolves
1248,Judge Dredd,231,231 and an ABC robot
1249,Extremely Loud & Incredibly Close,2763,"2,763"
1250,Hot Shots!,12,12
1251,The Imaginarium of Doctor Parnassus,9,"6, 2 flies and a chicken"
1252,Aqua Teen Hunger Force Colon Movie Film for Theaters,17,"2 people, 2 cats, 9 chocolate unicorns, 1 fly, 1 Insanoflex, 1 caterpillar and Chicken Bittle"
1253,Water for Elephants,6,5 and a horse
1254,The Dead One (El Muerto),3,3
1255,Hide and Creep,25,8 people and 17 zombies
1256,Spawn,62,"39, 20 maggots, 2 worms and 1 Violator"
1257,Wonder Woman,96,"85, 2 fire breathing dragon dogs, 1 cyclops, 1 pegasus, 1 minotaur, 1 rat, 3 gargoyles, Deimos & Ares"
1258,Melancholia,7021836029,"7,021,836,029"
1259,Barb Wire,31,31
1260,Spaceballs,19,19
1261,The Best Exotic Marigold Hotel,1,1
1262,Kinsey,1,1
1263,Take Me Home,1,1
1264,Blade II,239,"34 people, 23 vampires, 86 reapers and 96 reaper fetuses"
1265,Blade: Trinity,254,"195 people, 55 vampires, 3 vampire dogs and Dracula"
1266,The Baytown Outlaws,44,44
1267,Skyfall,50,50 and 2 bitches banged
1268,Amityville Haunting,12,12
1269,Grace,53,"3 people, 2 rats and 48 flies"
1270,Bitten,7,"4 people, 2 vampires and a cat"
1271,Before the Devil Knows You're Dead,6,6
1272,Hot Shots! Part Deux,317,"315 people, a dog and a chicken"
1273,Superman,2000000004,4 and the planet Krypton
1274,Spider-Man,19,19
1275,Spider-Man 2,5,4 and Doc Ock
1276,X2,33,31 and 2 mutants
1277,Harry Potter and the Sorcerer's Stone,3,2 and a unicorn
1278,Pain & Gain,2,2
1279,Rampage,70,70
1280,17 Girls,1,1 fetus
1281,Silent House,1,1
1282,Spider-Man 3,3,2 and the Venom Symbiote
1283,Fantastic Four,4,4
1284,Fantastic Four: Rise of the Silver Surfer,2,2
1285,Daredevil,11,10 and a fly
1286,Uncertainty,1,1
1287,Fierce People,1,1
1288,The Shining,5,5
1289,Elektra,22,22
1290,Cabin Fever,19,"16 people, a pig, a dog and a deer"
1291,Supergirl,1,1
1292,Moonrise Kingdom,2,1 dog and 1 fish
1293,Pig Hunt,22,"16 people, a dog, a horse, a snake, a deer, a hog and The Ripper (a 3,000 lb hog)"
1294,Catwoman,3,3
1295,Captain America: The First Avenger,105,105
1296,Superman II,10,9 and a snake
1373,DeadHeads,32,18 people and 14 zombies
1297,Incredible Hulk Returns,2,2
1298,Trial of the Incredible Hulk,2,2
1299,Death of the Incredible Hulk,5,4 and the Incredible Hulk
1300,The Incredibles,24,"17, 5 bugs and 2 Omnidroid robots"
1301,The Hangover Part III,9,"4 people, 2 chickens, 2 dogs and a giraffe"
1302,Black Water,7,"3 people, 1 fetus, 2 bugs and a crocodile"
1303,Day After Tomorrow,2500500000,Most of the Northern Hemisphere
1304,Fast Five,35,35
1305,Jesus Henry Christ,5,5
1306,Shiver,8,7 and a sheep
1307,Slaughtered,10,10
1308,The Darjeeling Limited,1,1
1309,Return to Paradise,1,1
1310,The Immaculate Conception of Little Dizzle,4,4 blue butt fish babies
1311,Truth or Die,7,7
1312,Frogs,9,"7 people, 1 snake and an alligator"
1313,Tank Girl,95,"93 people, 1 Ripper and a yak"
1314,Dark House,20,20
1315,The Big White,1,1
1316,Dodgeball: A True Underdog Story,1,1
1317,Bad Kids Go to Hell,7,6 and a bug
1318,Hunger,7,7
1319,Albino Alligator,8,8
1320,Superman III,1,1 self aware supercomputer
1321,The Longest Yard,2,1 and a Bentley
1322,Love and a .45,13,8 and 5 bugs
1323,Bad Girl Island,4,4
1324,The Dark Knight Rises,112,111 plus Bane
1325,Intermedio,11,9 and 2 chickens
1326,Butter (2011),2,2
1327,The Tortured,2,2
1328,The House of the Devil,3,3
1329,Gone,1,1
1330,The Perfect Family,1,1 fetus
1331,From Dusk Till Dawn 2: Texas Blood Money,43,37 people and 6 vampires
1332,Ned Kelly,37,"31 people, 2 horses, 2 boar, a monkey and a lion"
1333,Monkey Shines,6,"4 people, a bird and a monkey"
1334,The Woman,6,"4 people, a wolf and a fish"
1335,Someone's Knocking at the Door,4,4
1336,From Dusk Till Dawn 3: The Hangman's Daughter,54,"35 people, 18 vampires and a horse"
1337,Joe + Belle,1,1
1338,Straight A's,1,1
1339,All Good Things,4,"2 people, a fetus and a dog"
1340,House at the End of the Street,5,5
1341,Snow White: A Tale of Terror,13,"8 people, 1 stillborn baby, 1 horse, 1 pig, 1 bird and a crow"
1342,Sweet Karma,9,9
1343,Scarecrows,6,6
1344,Little Birds,1,1
1345,The Puffy Chair,1,1 puffy chair
1347,Shriek If You Know What I Did Last Friday the 13th,15,13 people and 2 bugs
1348,Cult of the Damned,2,2
1349,360,2,2
1350,I Am Omega,103,"3 people, 31 mutant creatures and a hive"
1351,The Karate Kid (2010),1,1 fly
1352,Superman IV: The Quest for Peace,1,Nuclear Man
1353,Detention,9,9
1354,Dark Shadows,23,"21 people, a witch and a dog"
1355,True Lies,87,87
1356,Big Money Rustlas,10,9 and a bird
1357,Manic,1,1
1358,Virginia,1,1
1359,Death Racers,46,45 and Metal Man 
1360,Ed and His Dead Mother,22,2 people and 20 bugs
1361,Your Highness,26,"22 people, a pixie, a minotaur, mother witch and Leezar"
1362,"New York, I Love You",1,1
1363,Hannah Free,1,1
1364,Scott Pilgrim vs. The World,26,26
1365,Penny Dreadful,5,5
1366,Branded,3,2 people and a red cow
1367,Meeting Evil,18,18 people and 1 motherfucker
1368,Lethal Weapon,28,28
1369,Lethal Weapon 2,28,28
1370,Blood Slaughter Massacre,42,42
1371,The Box,8,8
1372,Ted Bundy,18,18
1374,Hick,3,3
1375,Face/Off,46,46
1376,Cool World,1,1
1377,Cool and the Crazy,1,1
1378,Pieces,7,7
1379,Nine Dead,10,10
1518,Static (a.k.a. Glitch),4,4
1380,Scarface (1932),30,30
1381,Elizabeth,482,482
1382,Elizabeth: The Golden Age,704,704
1383,"Haunted House, A Haunted House",2,1 and a dog
1384,The Lincoln Lawyer,2,1 and a dog
1385,Kick-Ass 2,26,26
1386,John Dies at the End,10018,"13, a fly, a dog, 3 space slugs and a swarm of white parasite things"
1388,The Lorax,1,1 firefly
1389,Nature Calls,1,1
1390,Looper,50,50
1391,Brotherhood of Murder,3,3
1392,The Magician ,2,2
1393,The Conjuring,7,1 dog and 6 birds
1394,The Help,3,"1 person, 1 fetus and a chicken"
1395,The Deer Hunter,36,34 and 2 deer
1396,The Expendables 2,417,417 (203 before the title)
1397,Jack Reacher,18,18
1398,Jacob,15,"13, a cat and a raccoon"
1399,We're the Millers,1,1 shark
1400,What to Expect When You're Expecting,1,1 fetus
1401,Dredd,87,87
1402,Radioland Murders,7,7
1403,The Conspirator,6,6
1404,Shark Night,11,9 people and 2 sharks
1405,Down to the Bone,1,1 mouse
1406,The Next Karate Kid,1,1 spider
1407,Kickboxer,3,3
1408,"Death Proof, Grindhouse",6,6
1409,"Planet Terror, Grindhouse",169,"32 people, 136 infected and a dog"
1410,"O Brother, Where Art Thou?",14,"7 people, a chicken, 2 gophers, 2 cows, a toad and a dog"
1411,Argo,1,1
1412,Budz House,1,1
1413,Vanity Fair,13302,2 and the Battle of Waterloo
1414,Puncture,2,2
1415,Animal Room,4,3 and a bunny
1416,"Mission: Impossible, Mission Impossible",38,"7 people, a rat and 30 fish"
1417,Confessions of a Dangerous Mind,13,13
1418,The Last Godfather,4,4
1419,Toast,2,2
1420,Wake the Witch,2,2
1421,Road Kill,4,4
1422,Armageddon,434119870,"2,405,324 people and 431,714,546 dinosaurs"
1423,Slave,12,12
1424,Assault of the Sasquatch,16,"14, a bear and a dog"
1425,The Cold Light of Day,19,19
1426,My Own Private Idaho,2,2
1427,Acts of Worship,1,1
1428,White Irish Drinkers,1,1
1429,Feeding Grounds,9,9
1430,House of Fears,9,9
1431,Halloween: Dia de Muertos,7,7
1432,Bikini Girls on Ice,12,11 and a dog
1433,Megan is Missing,1,1
1434,Igby Goes Down,1,1
1435,Slither,201,"97 people, 77 alien slugs, 11 dogs, 8 cats, 3 coyotes, 2 cows, a mare, a possum and a deer"
1436,Delhi Belly,6,6
1437,Clue,7,7
1438,Mad Max 2: The Road Warrior,42,"39 people, a rabbit, a snake and a dog"
1439,Road Trip: Beer Pong,1,1 boar
1440,The Great Muppet Caper,1,1 fly
1441,Mad Max Beyond Thunderdome,8,7 and a horse
1442,Killer Elite,17,17
1443,Krull,44,"42 people, a cyclops and a beast"
1444,The Perks of Being a Wallflower,1,1
1445,Do the Right Thing,1,1
1447,Pleasures of the Damned,17,14 people and 3 zombies
1448,The Great Gatsby (2013),3,3
1449,Belly,20,20
1450,Derailed,13,13
1451,Home Sweet Home,9,9
1452,Crazy Eyes,1,1
1453,The United States of Leland,1,1
1454,The Frighteners,21,20 and a fly
1455,The Dark Crystal,7,"2 Skeksis, 2 Mystic, 2 Landstriders and a crawly"
1456,Mask Maker,12,11 and a baby
1457,Bourne Identity,9,8 and a dog
1458,Choke,1,1
1459,Explicit Ills,1,1
1460,Bourne Supremacy,9,9
1461,Harry Potter and the Chamber of Secrets,8,"1 snake, 1 basilisk and some mandrake roots"
1462,Harry Potter and the Prisoner of Azkaban,4,2 birds and 2 bats
1463,Zulu,372,"369 people, a cheetah, a gazelle and a cow"
1464,Infamous (2006),6,6
1465,Paranormal Activity 4,2,2
1466,American Zombie,2,2
1467,Apollo 18,4,3 astronauts and a spider moon rock
1468,Scanners,20,20
1469,Don't Be Afraid of the Dark,3,1 and 2 evil ass fairies
1470,$5 a Day,1,1
1471,The Extra Man,1,1
1472,Carrie,135,134 and a pig
1474,"Cadaver Christmas, A Cadaver Christmas",24,23 zombies and Sam the ex-cop
1475,The Lifeguard,1,1
1476,"Perfect Ending, A Perfect Ending",1,1
1478,Body Count,7,7
1479,Iron Man 3,62,62 people and 1 exploding plant
1480,Seven Psychopaths,14,14
1481,Diggers,1,1
1482,The Odd Life of Timothy Green,1,1
1483,Chernobyl Diaries,6,6
1484,Olympus Has Fallen,223,222 and a dog
1485,The Hobbit: An Unexpected Journey,308,"13 men, 55 dwarves, 33 orcs, 3 trolls, a stone-giant, 185 goblins, the Goblin King, 16 wargs and a snail"
1486,It's a Disaster,2,2
1487,Jolene,2,2
1488,Killing Season,8,8
1489,Thumbelina,2,1 fly and 1 frog
1490,American Hustle,1,1
1491,Weirdsville,6,5 and a rat
1492,The Butcher (2007),4,4
1493,The Woman in Black,8,8
1494,Maniac (2012),8,8
1496,Sinister,4,3 and a scorpion
1497,The Heat,5,5
1498,The Tale of Sweeney Todd,4,4
1499,Meet Bill,1,1 duck
1500,Cannibal Holocaust,17,"10 natives, 1 soldier, 3 bugs, 2 fish and a muskrat"
1501,High School Hellcats,2,2
1502,Broken City,2,2
1503,Redemption,10,10
1504,The Legend is Born: Ip Man,6,5 and an unborn child
1505,The Lady Vanishes,6,6
1506,Thelma & Louise,1,1
1507,The Details,4,"1, a fetus, a cat and a racoon"
1508,Office Space,2,1 and a fish
1509,The Place Beyond the Pines,1,1
1510,The Rescuers Down Under,1,1
1511,Sunshine Cleaning,2,2
1512,Sheriff Tom vs. the Zombies,66,17 people and 49 zombies
1513,Burke & Hare,22,18 and 4 horses
1515,Stash House,7,6 and a raccoon
1516,Little Boy Blue,5,5
1517,Legends of the Fall,8765,"8,763 people, 1 cow and 1 unidentified animal"
1519,The Talented Mr Ripley,5,4 and an unborn child
1521,King of New York,29,29
1522,ParaNorman,2,1 and a fly
1523,Veronica Mars,2,2
1524,The Watch,117,"4 people, a cow, and 112 aliens"
1525,The Butcher (2009),35,35
1526,The Last House on the Left,6,6
1527,Maniac (1980),6,6
1528,Rosemary's Baby,2,2
1529,Snitch,16,16
1530,Hansel & Gretel Get Baked,8,6 people and 2 zombies
1531,Punk Rock Holocaust,2289,"2,288 people and a robot"
1532,Alyce Kills,6,6
1533,Boarding Gate,3,3
1534,Seeking a Friend for the End of the World,3,3
1535,Transformers: Dark of the Moon,129069,"129,017 people, 34 Decepticons, 7 Autobots, 10 more robots and a bird"
1536,The Seasoning House,17,17
1537,Lee Daniels' The Butler,6,6
1538,Elysium,69,69
1539,Harry Potter and the Goblet of Fire,4,3 and a bug
1540,Gravity,4,4
1541,The Grand Budapest Hotel,12,11 and a cat
1542,Mother's Day (2010),11,11
1543,Fargo,7,7
1544,Tuesdays with Morrie,1,1
1545,The Purge,19,19
1546,Street Trash,13,13
1547,Snow White and the Huntsman,66,"63, a dwarf, a horse and the Evil Queen"
1548,The Witches,5,"2 people, 2 witches and the Grand High Witch"
1549,Bad Lieutenant,1,1
1550,G.I. Jane,15,15
1551,Assault on Precinct 13 (2005),22,22
1552,Don't Tell Mom the Babysitter's Dead,1,1
1553,Clockers,4,4
1554,Django Unchained,56,"52 people, 4 horses and 5 motherfuckers"
1555,On the Inside,8,8
1556,Amityville: A New Generation,5,5
1557,Would You Rather,9,9
1558,Mud,5,5
1559,Last Kind Words,4,4
1560,R.I.P.D.,8,8
1561,The Counselor,8,8
1562,Fear,6,5 and a dog
1563,"After Fall, Winter",3,3
1564,Stoker,6,5 and a bird
1565,Next,2,2
1566,Flowers in the Attic (2014),5,"3, a deer and a mouse"
1567,Code 46,2,1 and a fetus
1568,Harry Potter and the Order of the Phoenix,1,1
1569,Tromeo and Juliet,8,7 and a mouse
1570,Lucy,44,"41, a bug, a fish and a gazelle"
1571,Homefront,11,11
1572,Choose,6,6
1573,Robocop (1987),140,139 and 1 ED-209
1575,Intolerable Cruelty,2,2
1576,Joyride,2,2
1577,Shark Week,14,10 and 4 sharks
1578,Gothic,100,A plate full of leeches
1579,Insidious: Chapter 2,1,1
1580,Red Water,13,"10, 2 sharks and a fish"
1581,Novocaine,2,2
1582,48 Hrs.,8,8
1583,Mutant Species,20,"18, a bug and Walter the mutant"
1584,The Devil's Carnival,3,3
1585,The Wild Bunch,1145,"138, 2 horses, 5 scorpions and 1,000 ants"
1586,"Se7en, Seven",5,4 and a fetus
1587,Million Dollar Baby,1,1
1588,American Beauty,1,1
1589,Once Upon a Time in the West,35,33 and 2 birds
1590,The Vicious Kind,0,0
1591,Mr. Popper's Penguins,0,0
1592,Intimate Affairs,0,0
1593,Source Code,0,0
1594,Jack Goes Boating,0,0
1595,Sharknado,228,"22 people, 205 sharks and a duck"
1596,Starman,0,0
1597,Sleeper,0,0
1598,Mr. & Mrs. Smith (1941),0,0
1599,Julie & Jack,0,0
1600,Amanda,0,0
1601,What Dreams May Come,4,4
1602,Gentlemen Broncos,0,0
1603,"L!fe Happens, Life Happens",0,0
1604,"Tattoo, a Love Story",0,0
1605,"Jeff, Who Lives at Home, Jeff Who Lives at Home",0,0
1606,The Babymakers,0,0
1607,What's Eating Gilbert Grape,3,2 and a grasshopper
1608,Let the Right One In,8,8
1609,Compliance,0,0
1610,Waking Madison,0,0
1611,Labyrinth,0,0
1612,Cinema Verite,0,0
1613,Moneyball,0,0
1614,Valhalla Rising,16,16
1615,Lost in Translation,0,0
1616,American Loser,0,0
1617,What Doesn't Kill You,0,0
1618,Foolproof,0,0
1619,The Last Word (2008),0,0
1620,Lemony Snicket's A Series of Unfortunate Events,4,4
1621,The Big Wedding,0,0
1622,Eternal Sunshine of the Spotless Mind,0,0
1623,Juno,0,0
1624,Freaky Friday ,0,0
1625,My Big Fat Greek Wedding,0,0
1626,Aladdin,1,1
1627,The Return of Jafar,1,1
1628,Prozac Nation,0,0
1629,Jumanji,0,0
1630,Go,0,0
1631,God Bless America ,31,31
1632,The Birdcage,0,0
1633,Desert Hearts,0,0
1634,It,9,8 and Pennywise
1635,Serpico,0,0
1636,Next Stop Wonderland,0,0
1637,Trance,5,5
1638,Killing Them Softly,3,3
1639,Mr. Nobody,0,0
1640,Barry Munday,0,0
1641,Now You See Me,0,0
1642,Bullet to the Head,33,33
1643,The Giant Mechanical Man,0,0
1644,Dream a Little Dream,0,0
1645,The Vow,0,0
1646,The Prophecy,6,4 people and 2 angels
1648,The Breakfast Club,0,0
1649,Goats,0,0
1650,The Prophecy 3: The Ascent,4,2 people and 2 angels
1651,Saved!,0,0
1652,The Prophecy: Uprising,18,18
1653,The Prophecy: Forsaken,2,2
1654,Wag the Dog,4,4
1655,The Holiday,0,0
1656,Wreckage,8,7 and a dog
1657,Hitch,0,0
1658,Die,6,6
1659,Mirror Mirror,0,0
1660,Dark Nature,13,"9, a pheasant and 3 rabbits"
1661,The Pill,0,0
1662,Big Fish,1,1
1663,"Me, Myself & Irene",1,1
1664,Sexting,0,0
1665,We Need to Talk About Kevin,5,4 and a guinea pig
1666,The Best Exotic Marigold Hotel,1,1
1667,August: Osage County,1,1
1668,Won't Back Down,0,0
1669,The Internship,0,0
1670,Out of the Furnace,8, 7 and a deer
1671,12 Angry Men,0,0
1672,Camille,3,2 and a blue horse
1673,Take This Waltz,0,0
1674,Misery,2,2
1675,Scary Movie 2,5,5
1676,The Princess Bride,0,0
1677,Scary Movie 3,15,12 and 3 aliens
1678,Silver Linings Playbook,0,0
1679,Scary Movie 4,21,21
1680,Admission,0,0
1681,Scary Movie 5,3,"1, a chicken and a bird"
1682,Now and Then,0,0
1683,Scream 3,10,10
1684,The Kitchen,0,0
1685,Minority Report,3,3
1686,Ghost Dad,0,0
1687,Scream 4,12,12
1688,Children of the Corn II: The Final Sacrifice,29,28 and a cat
1689,Children of the Corn III: Urban Harvest,20,"18, a bug and a corn monster"
1690,Children of the Corn IV: The Gathering,8,7 and a cricket
1691,Children of the Corn V: Fields of Terror,18,18 and a fire monster
1692,Children of the Corn 666: Isaac's Return,8,7 and a bug
1693,Children of the Corn: Revelation,19,19
1694,Children of the Corn: Genesis,3,3
1695,Children of the Corn (2009),10,9 and a pig
1696,The Truman Show,0,0
1697,Dick Tracy (1990),29,29
1698,Mean Streets,1,1
1699,What Planet Are You From?,2,2
1700,Mallrats,0,0
1701,Airport (1970),1,1
1702,Gone Girl,1,1
1703,Finder's Fee,0,0
1704,After Earth,51,"21, 20 monkeys, 7 giant bird babies, 1 cave rat (eaten by a flying snake!), 1 giant bird and 1 URSA"
1705,Hedwig and the Angry Inch,0,0
1706,The Monuments Men,5,5
1707,Beyond the Time Barrier,27,25 and 2 mutants
1708,13 Going on 30,0,0
1709,Night of the Demons 2,9,8 people and a demon
1710,The Rescuers,0,0
1711,The Croods,23,"17, a ram bird egg, a land whale, a mammoth, a scorpion, a bird crocodile and a giant flying bug"
1712,Rocky III,1,1
1713,DeepStar Six,10,9 people and 1 giant ugly sea creature
1714,Bringing Up Bobby,0,0
1715,Titus,12,11 and a fly
1716,Robin Hood (1973),0,0
1717,Apollo 13,3,3
1718,The Guilt Trip,0,0
1719,Interstellar,6,6
1720,Her,0,0
1721,Fear and Loathing in Las Vegas,1,1 bat
1722,"Honey, I Shrunk the Kids",1,1 ant
1723,Edge of Tomorrow,0,0
1724,Dead Poets Society,1,1
1725,Dallas Buyers Club,1,1
1726,Safe House,27,27
1727,Assault on Wall Street,37,37
1728,The Switch,10,A headful of lice
1729,Scrooged,2,2
1730,Don Jon,0,0
1731,Philadelphia,1,1
1732,Little Miss Sunshine,1,1
1733,Pirate Radio,0,0
1734,New Year's Eve,1,1
1735,The Hot Flashes,0,0
1736,October Sky,1,1
1737,White Reindeer,1,1
1738,Carrie (2013),17,16 and a pig
1739,Jack Ryan: Shadow Recruit,14,14
1740,Paranormal Activity: The Marked Ones,7,7
1741,Filth,2,2
1742,Divergent,31,31
1743,25th Hour,0,0
1744,Sleeping Beauty,1,1
1745,The Little Mermaid: Ariel's Beginning,1,1
1746,The Five-Year Engagement,4,4
1747,It Runs in the Family ,47,47 fish
1748,Popcorn,7,7
1749,Prince Avalanche ,4,3 fish and a squirrel
1750,The Normal Heart,4,4
1751,Love Sick Love,2,2
1752,See Girl Run,0,0
1753,Bernie,1,1
1754,The Game,1,1
1755,Let Go,0,0
1756,Falcon Rising,34,34
1757,Identity Thief,0,0
1758,The Chronicles of Riddick,2000177,"80 humans, 96 Necromongers (aka Monger Lords), 1 quasi dead and a planet"
1759,Riddick,63,"9 humans, 3 Necromongers (aka Monger Lords), 1 alien bird, 2 alien jackals, 4 alien eels, 42 mud demons and 2 mud demon babies"
1760,Red Dragon,4,4
1761,Flight,6,6
1762,The Call,2,2
1763,Where the Wild Things Are,0,0
1764,The Glass House,7,7
1765,The Interview,30,29 and a tiger
1766,Girl Most Likely,0,0
1768,Forces of Nature,1,1 seagull
1767,The Yards,2,2
1769,Under the Tuscan Sun,1,1 scorpion and a washing machine
1770,Chef,0,0
1771,Karla,3,3
1772,Oculus,4,4
1773,Phantoms,9,8 and a dog
1774,Mental,0,0
1775,Winter's Tale,19,19
1776,Birdman,0,0
1777,Jay and Silent Bob Strike Back,1,1
1778,A Knight's Tale,1,1
1779,Full Metal Jacket,29862,"29,862"
1780,Hamlet (1996),11,11
1781,Good Will Hunting,0,0
1826,The Uninvited (2009),0,0
1782,Stake Land,43,"20 people, 20 vampires, a forest animal, a baby and a fetus"
1783,All the Boys Love Mandy Lane,8,7 and a bull
1784,Texas Chainsaw 3D ,14,14
1785,The Pursuit of Happyness,0,0
1786,Cowboys & Aliens,130,"35 people, 11 horses, 44 cows and 40 aliens"
1787,Better Living Through Chemistry,1,1
1788,Nymphomaniac: Volume 1,1,1
1789,Once Upon a Time in America,11,11
1790,Draft Day,0,0
1791,Tarzan,12,"3 people, 1 gorilla, 1 gorilla baby, 1 leopard and 6 bugs"
1792,State of Emergency,9,1 and 8 infected
1793,ATM,5,5
1794,"Honey, We Shrunk Ourselves",0,0
1795,Dreamcatcher,108,"14 people, 1 dog, 1 deer, 29 giant alien ass penis monsters, 3 alien ass worms, 19 alien ass worm babies, 40 alien ass worm eggs and 1 Duddits"
1796,Toy Soldiers,18,18
1797,Ace Ventura: Pet Detective,2,1 and a bug
1798,Escape From Tomorrow,2,1 and an android
1799,Adaptation,9,6 and 3 dinosaurs
1800,Lord of War,69,69
1801,Black Sunday (1960) a.k.a The Mask of Satan,9,"6, 1 bat and 2 dogs"
1802,The Secret Life of Walter Mitty,0,0
1803,Dark Planet,17,17
1804,Iron Golem a.k.a. Iron Invader a.k.a. Metal Shifters,8,7 and 1 alien bacteria defeated by whiskey
1805,Haunter,1,1
1806,Mother's Boys,1,1
1807,Amityville 3-D,4,4
1808,Captain Phillips,3,3
1809,City of God,43,43
1810,Violet & Daisy,20,20
1811,Devil Seed,3,3
1812,Showgirls,0,0
1813,Henry: Portrait of a Serial Killer,10,10
1814,The China Syndrome,1,1
1815,One True Thing,1,1
1816,Black Rock,4,4
1817,4.3.2.1,0,0
1818,Jailbait,3,3
1819,Breaking the Girls,2,2
1820,Byzantium,12,10 and 2 vampires
1821,Hit & Run,0,0
1822,Columbus Circle,5,5
1823,Cypher,16,16
1824,The Horse Whisperer,1,1
1825,Another Happy Day,1,1
1827,A Million Ways to Die in the West,16,16
1828,Teeth & Blood,4,1 human and 3 vampires
1829,22 Jump Street,4,4
1830,Frozen,6,1 ship
1831,High Road,0,0
1832,Mars Attacks!,204,"122 people, 78 aliens, 2 dogs, 1 dove and 1 bird"
1833,Snowpiercer,15136,136 people and a vat of bugs
1834,Cocktail,1,1
1835,Pusher (2012),1,1
1836,Romancing the Stone,5,"3, a snake and a crocodile"
1837,Transcendence,17,17
1838,Highway to Hell,139,"137 people, a demon and Hellcop"
1839,Young Frankenstein,0,0
1840,Ice Age,20,"1, 18 dodos and 1 saber-toothed tiger"
1841,Changeling,11,11
1842,In Dreams,5,5
1843,Mrs. Doubtfire,0,0
1844,It Follows,3,2 people and 1 bug
1845,The Passion of the Christ,4,3 and a snake
1846,Into the Storm,7,7
1847,Monsturd,12,11 and 1 Shitman
1848,Why Stop Now,0,0
1849,Ultimate Avengers: The Movie,84,30 people and 54 aliens
1850,Pour Elle a.k.a. Anything for Her,3,3
1851,Choking Hazard,9,6 people and 3 zombies
1852,Trespassing a.k.a. Evil Remains,7,7
1853,Nightcrawler,30,30
1854,Cloud Atlas,169,168 and a dog
1855,Neighbors,0,0
1856,The Grudge,11,10 and a cat
1857,The Thirteenth Floor,6,6 simulations
1858,Just Before Dawn,6,6
1859,Being John Malkovich,0,0
1860,Vanilla Sky,1,1
1861,Perfect Sisters,1,1
1897,Trauma (2004),1,1
1862,The House October Built,0,0
1863,Revolt of the Zombies,3,3
1864,L.A. Confidential,31,31
1865,Lonely Hearts,11,"8 people, 2 fetuses and a little girl"
1866,The Last Man,0,0
1867,The Babadook,61,1 dog and 60 worms
1868,Greenberg,2,1 unidentified drowned animal and 1 fetus
1869,Sunset Strip,0,0
1870,Sympathy for Delicious,1,1
1871,The Angriest Man in Brooklyn,2,1 and a cat
1872,Oldboy (2013),39,"28 people, 1 mouse, 10 baby mice, 7 motherfuckers and 1 motherfucking"
1873,Paranormal Entity,2,2
1874,Dysfunctional Friends,0,0
1875,Wild Things,3,3
1876,This is the End,37,36 and a demon
1877,Lara Croft: Tomb Raider,11,11
1878,The Bling Ring,0,0
1879,RoboCop (2014),113,"55 people, 54 EM-208's, 4 ED-209's and 1 motherfucker"
1880,Fast Times at Ridgemont High,1,1 fetus
1881,Animal House,1,1 horse and a guitar
1882,Wolfcop,23,20 people and 3 shapeshifters
1883,The Cable Guy,0,0
1884,Dead in Tombstone,43,43
1885,Mean Girls,0,0
1886,Lara Croft Tomb Raider: The Cradle of Life,48,44 and 4 shadow guardians
1887,Dark Skies,550,3 flocks of birds
1888,Trauma (1993),13,"10 people, 1 butterfly, 1 lizard and a decapitated newborn"
1889,Earth to Echo,0,0
1890,They Came Together,1,1
1891,Frankie & Alice,1,1
1892,The Diving Bell and the Butterfly,0,0
1893,The Samaritan,7,7 and 0 motherfuckers
1894,The Winning Season,0,0
1895,Home Sweet Home (2013),2,2
1896,Leprechaun 2,5,5
1898,Peacock,1,1
1899,Austin Powers: International Man of Mystery,25,18 and 7 fembots
1900,Leprechaun 3,5,5
1901,Night at the Museum,1,1 caveman statue
1902,"Dictator, The Dictator",2,2
1903,Anatomy of a Love Seen,0,0
1904,Garden State,1,1 hamster
1905,"Les Misrables, Les Miserables",35,35
1906,Sin City: A Dame to Kill For,66,66
1907,Rabbit Hole,0,0
1908,The Collection (2012),129,"126, 2 dogs and 1 large cockroach"
1909,The Aviator,3,3
1910,Tommy,3,3
1911,Boyhood,0,0
1912,The Judge,2,2
1913,Frequently Asked Questions About Time Travel,0,0
1914,Jurassic World,35,"19 people, a pig, a goat, a bug, 1 Ankylosaurus, 6 Apatosaurus, 1 Dimorphodon, 1 Pteranondon, 3 Velociraptors and 1 Indominus Rex "
1915,21 Grams,4,4
1917,"Night Watch (aka Nochnoi dozor, a.k.a Nochnoy dozor)",48,"46, a bug and a bird"
1918,Rid of Me,0,0
1919,Austin Powers: The Spy Who Shagged Me,6,5 and a fembot
1916,Leprechaun 4: In Space,12,"6, an alien creature, a spider, a scorpion, a fly, a cyborg, and 1 Mittenspider"
1920,Austin Powers in Goldmember,4,3 and a fembot
1921,Police Academy,0,0
1922,"Maze Runner, The Maze Runner",17,14 and 3 Grievers
1924,RoboCop 2,58,58
1925,A Beautiful Mind,0,0
1926,Trollhunter,8,"3 people, 4 trolls and 1 sheep"
1927,Wyrmwood: Road of the Dead,70,8 people and 62 infected
1928,Adore,0,0
1929,Evil Dead (2013),6,5 and a dog
1930,RoboCop 3,53,50 and 3 RoboNinjas
1931,"Mission: Impossible II, Mission Impossible, M:i-2",280,280
1932,Deep Rising,4207,"4,206 and one real unfriendly sea monster"
1933,"Unborn, The Unborn",7,7
1934,The Exorcist,4,4
1935,Traffic,7,7
1936,Leprechaun: In the Hood,11,11
1937,"Twelve Monkeys, 12 Monkeys",8,7 and a spider
1938,Star Trek: The Motion Picture,2412,"2,412"
1940,Compulsion,1,1 bird
1939,Let's Be Cops,3,3
1941,Whiplash,1,1
1942,Flowers in the Attic (1987),5,4 and a mouse
1943,Dream House,2,2
1944,Coldwater,8,8
1945,The Town That Dreaded Sundown (2014),15,15
1946,Bring Me the Head of the Machine Gun Woman,20,20
1948,The Others,0,0
1949,White Bird in a Blizzrd,1,1
1950,Mean Creek,2,1 and a snail
1951,Stage Fright,7,7
1952,Zombie Hunter,58,"4 people, 50 zombies, 1 cat and 3 out of place aliens"
1953,Rosewood Lane,4,4
1954,Run Lola Run,0,0
1955,The Cider House Rules,9,4 people and 5 fetuses
1956,Phone Booth,4,4
1957,Our Man Flint,14,"13 people, 1 fly and 1 bitch banged"
1958,The Wolf of Wall Street,7,"5 people, a fish and a seagull"
1959,Run All Night,22,22
1960,Legally Blonde,0,0
1961,The Equalizer,22,22
1962,The Fly (1986),2,1 baboon and 1 Brundlefly
1963,The Faculty,5,"3 people, 1 rat and 1 parasite spitting alien queen"
1964,The Best of Times,0,0
1965,Star Trek II: The Wrath of Khan,27,25 and 2 earwigs
1966,Star Trek III: The Search for Spock,97,95 plus 1 space-snake alien life form and 1 Klingon spacedog
1967,Star Trek IV: The Voyage Home,0,0
1968,Star Trek V: The Final Frontier,4,3 and 1 god dude
1969,Tammy,0,0
1970,John Wick,79,78 and a puppy
1971,Wreck-It Ralph,10011,"2 and 10,009 Cy-Bugs"
1972,"Mission: Impossible III, Mission Impossible ",29,29
1974,Jupiter Ascending,34,"7 people, 18 aliens, 7 gargoyles and 2 gun-armed guards"
1973,Stand By Me,0,0
1975,Godzilla: Final Wars,104,"71 people, 20 Xilians, Manda, Gigan, Upgraded Gigan, 1 tuna eating monster, 1 giant jumping spider, 1 giant praying mantis, 1 pterodactyl monster, 1 armadillo monster, 1 dog monster, 2 random monster and a 3-headed monster"
1976,This Is Where I Leave You,0,0
1977,Pieces of Talent,5,5
1978,Killer Mermaid,9,8 and a killer mermaid
1979,The Chair,3,3
1980,Walk of Shame,0,0
1981,You Don't Know Jack,130,130
1982,A Far Off Place,18,"11 people, 5 elephants, 1 leopard and 1 oryx"
1983,Getting That Girl,0,0
1984,The Loft,2,2
1985,Jacknife,2,2
1986,Hardware,586,585 and 1 Mark 13 cyborg
1987,Pitch Perfect,0,0
1988,The Stranger,14,"12, a cat and a mouse"
1989,American Heist,10,10
1990,The Hills Have Eyes (1977),10,"7, a spider, a dog and a bird"
1991,The Hills Have Eyes Part 2 (1985),7,7
1992,Meet the Parents,0,0
1993,The Fall of the House of Usher,3,3
1994,Wolf (1994),5,4 and a deer
1995,Falling Down (1993),2,2
1996,Kill the Messenger,0,0
1997,Stretch,1,1
1998,Into the Wild,11,"1 person, 1 moose, 1 fish and 8 more random animals"
1999,Creature (2011),12,"9 people, 1 white alligator, 1 snake and Lockjaw"
2000,Wanted,662,"158 people, 501 rats and 3 flies"
2001,Meet the Fockers,0,0
2002,Police Academy 2: Their First Assignment,1,1 fish
2003,Police Academy 3: Back in Training,3,2 flies and 1 mosquito
2004,Wild,2,1 mom and 1 horse
2005,Once Bitten,0,0
2006,Taken 3,18,18
2007,An American Werewolf in Paris,34,"26 people, 7 werewolves and 1 dog"
2008,A Good Marriage,1,1
2009,Cake,0,0
2010,Life of Crime,1,1
2011,Flypaper,8,8
2012,The Sacrament,167,167
2013,The Other Woman,0,0
2020,Havoc,0,0
2014,Blended,1,1 baby boar
2015,If I Stay,3,3
2016,Dear White People,0,0
2017,The Purge: Anarchy,52,52
2018,Almost Mercy,21,20 and a bird
2021,Ichi the Killer,22,22
2022,Kristy,10,9 and a dog
2023,Prisoners,4,4
2024,Observe and Report,0,0
2025,Creep (2014),1,1
2026,White Rabbit,3,1 person and 2 rabbits
2027,Horns,4,4
2028,Focus,0,0
2029,The Snowtown Murders,7,"3 people, 1 dog and 3 deer"
2030,Heavenly Creatures,1,1
2031,Brotherhood (2010),1,1
2032,White Chicks,0,0
2033,What We Do in the Shadows,9,"6 people, 2 vampires and a chicken"
2034,Men in Black,19,"5 humans, 5 aliens, 5 roaches, 1 dragonfly and 3 flies"
2035,Men in Black II,11,1 human and 10 aliens
2036,The Perfect Host,0,0
2037,The Hills Have Eyes 2 (2007),17,16 and a rat
2038,Dances with Wolves,103,"52 people, 2 dogs, 41 buffalo, 7 horses and a wolf"
2039,Duress,5,4 and a bird
2040,Bad Words,0,0
2041,"Run, Hide, Die",6,6
2042,Circle,50,49 and a fetus
2043,Wicked Blood,9,9
2044,In Your Eyes,0,0
2045,Beneath the Planet of the Apes (1970),17,"10 humans, 1 horse and 6 apes"
2046,Escape from the Planet of the Apes,6,"2 humans, 3 apes and 1 chimpanzee"
2047,Leatherface: The Texas Chainsaw Massacre III,7,6 and 1 armadillo
2048,The Art of the Steal,0,0
2049,Wild at Heart,9,8 and a fetus
2050,Rampart,1,1
2051,Quarantine 2: Terminal,20,19 and a fetus
2052,"Men, Women &#38; Children",0,0
2053,Superman Returns,2000000005,"5 people, 1 dog and Krypton"
2054,Proxy,5,"3 people, a little boy and a fetus"
2055,Safelight,2,2
2056,Sex Ed,0,0
2057,Nymphomaniac: Volume II,1,1
2058,Yelling to the Sky,1,1
2059,Last Hours in Suburbia,1,1
2060,Touchy Feely,0,0
2061,And Baby Will Fall,1,1 dog
2062,The Sisterhood of Night,1,1
2063,Stalled,4,3 people and 1 zombie
2064,Miracle on 34th Street (1947),0,0
2065,Icetastrophe,24,24 and a plastic snowman
2066,All American Christmas Carol,0,0
2067,Reindeer Games,10,10
2068,How the Grinch Stole Christmas,0,0
2069,A Christmas Story,0,0
2070,The Wolverine,39048,"39,046 plus a bear and a mutant"
2071,Alien Abduction,174,174 crows
2072,Madhouse (1974),8,8
2073,Jetsons: The Movie,0,0
2074,Enemy of the State,13,13
2075,Southpaw,2,2
2076,2 Guns,30,"25, 3 chickens and 2 deer"
2077,"Crazy, Stupid, Love",0,0
2078,The Toxic Avenger Part II,50,"48, 1 horse and 1 fish-head guy"
2079,The Toxic Avenger Part III: The Last Temptation of Toxie,7,7
2080,Citizen Toxie: The Toxic Avenger IV,2699,2698 and an unborn baby
2019,Family Weekend ,0,0
2082,The Ridiculous 6,3,2 and a horse
2083,Inherent Vice,4,4
2084,A Perfect Murder,3,3
1947,The Newton Boys,0,0
2085,Theatre of Blood a.k.a. Theater of Blood,13,11 and 2 dogs
2087,Planet of the Apes (1968),21,20 and 1 ape
2088,The Mangler,7,7
1923,Quid Pro Quo,0,0
2081,Serena,18,"13 people, 1 fetus, 1 snake, 1 panther, 1 deer and 1 unidentified animal"
2086,Cracks,1,1
2089,Get Hard,0,0
2090,The Lego Movie,451,"444, 1 cow, 5 horses and 1 unicorn/pegasus"
2091,The Hateful Eight,14,14 people and 2 motherfuckers
2092,Slumdog Millionaire,4,4
2093,The Turin Horse,0,0
2094,Conquest of the Planet of the Apes,43,15 humans and 28 apes
2095,Battle for the Planet of the Apes,35,12 humans and 23 apes
2096,The Da Vinci Code,18047,"18,047"
2097,Movie 43,0,0
2098,Insurgent,6,6
2099,Repo Men,29,29
2100,The Mangler 2,8,8
2101,National Lampoon's Dirty Movie,0,0
2102,Return to Sender,1,1 dog
2103,Don't Say a Word,6,6
2104,Open Water 2: Adrift,5,5 and an inflatable dolphin
2105,Wild Cherry,0,0
2106,The Mangler Reborn,6,6
2107,eXistenZ,2,2
2108,The Beyond,16,16
2109,Something Borrowed,0,0
2110,The Sixth Sense,4,4
2111,Shrek,87,"1 plus 1 bug, 4 fish, 1 slug, 1 bird, 3 weedrats, 1 spider and a spiderweb full of bugs"
2112,Shrek 2,3,"1 mermaid, 1 dove and 1 fairy godmother"
2113,The Muppets Take Manhattan,0,0
2114,Star Trek VI: The Undiscovered Country,500015,"500,011 Klingons, 3 humans and 1 Chameloid"
2115,Star Trek: Generations,394,384 plus 2 Romulans and 8 Klingons
2116,28 Hotel Rooms,0,0
2117,Lilo & Stitch,1,1 alien cop
2118,Chicken Run,1,1 chicken
2119,While the Children Sleep a.k.a. The Sitter,4,4
2120,People Like Us,0,0
2121,Preservation,7,"5, a dog and a deer"
2122,Don't Blink,1,1
2123,Ned Rifle,2,2
2124,Wishful Thinking,0,0
2125,Deadfall,8,7 and a deer
2126,American Mary,6,6
2127,Shakespeare in Love,1,1
2128,The Poker House,0,0
2129,We Are Marshall,75,75
2130,The Crow,27,27
2131,Devil's Knot,3,3
2132,Son of the Mask,0,0
2133,The Lazarus Effect,3,2 and a dog
2134,The Hollow,21,20 and a dog
2135,Grosse Pointe Blank,14,14
2136,Pootie Tang,0,0
2137,Annabelle,5,5
2138,The Invasion,305,303 and 2 dogs
2139,Ex Machina,2,2
2140,Dr. T & the Women,0,0
2141,The Twelve Chairs,1,1
2142,We Are What We Are,9,"7, 1 dog and 1 baby deer"
2143,Cursed,5,4 and a werewolf
2144,One Hour Photo,0,0
2145,The Raven,9,8 and a raven
2146,Tomorrowland,22,"5 people, 16 AA units and 1 bird"
2147,The Watcher,12,12
2148,The Beaver,0,0
2149,Curve,5,4 and a rat
2150,In Fear,1,1
2151,Good People,8,8
2152,Welcome to Me,0,0
2153,Hellions,9,"3 people, 5 slug children and 1 unborn slug child"
2154,Not Safe for Work,11,11
2155,Torment,7,6 and a dog
2156,A Good Old Fashioned Orgy,0,0
2157,Zombeavers,9,"2 people, 1 deer, 2 dogs, 3 Zombeavers and 1 infected Zombeaver chick"
2158,The Taking of Deborah Loagn,1,1